,noc_code,position,low_wage,median_wage,high_wage,position_detail_link
0,(00010),Legislators     ,18.96051282051282,38.97435897435897,85.12820512820512,https://www.jobbank.gc.ca/marketreport/wages-occupation/2913/BC;jsessionid=FC772C88E37DA812EDE799C627688190.jobsearch75
1,(00011),Senior government managers and officials     ,51.28,57.17,100.0,https://www.jobbank.gc.ca/marketreport/wages-occupation/919/BC;jsessionid=FC772C88E37DA812EDE799C627688190.jobsearch75
2,(00012),"Senior managers - financial, communications and other business services     ",53.85,98.56,144.23,https://www.jobbank.gc.ca/marketreport/wages-occupation/1036/BC;jsessionid=FC772C88E37DA812EDE799C627688190.jobsearch75
3,(00014),"Senior managers - trade, broadcasting and other services     ",26.0,43.59,92.31,https://www.jobbank.gc.ca/marketreport/wages-occupation/1207/BC;jsessionid=FC772C88E37DA812EDE799C627688190.jobsearch75
4,(00015),"Senior managers - construction, transportation, production and utilities     ",25.0,49.5,105.75,https://www.jobbank.gc.ca/marketreport/wages-occupation/24275/BC;jsessionid=FC772C88E37DA812EDE799C627688190.jobsearch75
5,(10010),Financial managers     ,37.44,55.56,91.76,https://www.jobbank.gc.ca/marketreport/wages-occupation/1225/BC;jsessionid=FC772C88E37DA812EDE799C627688190.jobsearch75
6,(10011),Human resources managers     ,31.25,56.5,79.33,https://www.jobbank.gc.ca/marketreport/wages-occupation/17400/BC;jsessionid=FC772C88E37DA812EDE799C627688190.jobsearch75
7,(10012),Purchasing managers     ,40.0,57.69,90.87,https://www.jobbank.gc.ca/marketreport/wages-occupation/14549/BC;jsessionid=FC772C88E37DA812EDE799C627688190.jobsearch75
8,(10019),Other administrative services managers     ,26.92,49.74,75.0,https://www.jobbank.gc.ca/marketreport/wages-occupation/1252/BC;jsessionid=FC772C88E37DA812EDE799C627688190.jobsearch75
9,(10020),"Insurance, real estate and financial brokerage managers     ",34.62,51.28,97.44,https://www.jobbank.gc.ca/marketreport/wages-occupation/14598/BC;jsessionid=FC772C88E37DA812EDE799C627688190.jobsearch75
10,(10021),"Banking, credit and other investment managers     ",35.1,52.88,104.4,https://www.jobbank.gc.ca/marketreport/wages-occupation/17461/BC;jsessionid=FC772C88E37DA812EDE799C627688190.jobsearch75
11,(10022),"Advertising, marketing and public relations managers     ",32.97,52.0,88.46,https://www.jobbank.gc.ca/marketreport/wages-occupation/12360/BC;jsessionid=FC772C88E37DA812EDE799C627688190.jobsearch75
12,(10029),Other business services managers     ,32.69,52.31,108.17,https://www.jobbank.gc.ca/marketreport/wages-occupation/1302/BC;jsessionid=FC772C88E37DA812EDE799C627688190.jobsearch75
13,(10030),Telecommunication carriers managers     ,27.2,50.48,67.31,https://www.jobbank.gc.ca/marketreport/wages-occupation/1345/BC;jsessionid=FC772C88E37DA812EDE799C627688190.jobsearch75
14,(11100),Financial auditors and accountants     ,24.04,37.86,62.37,https://www.jobbank.gc.ca/marketreport/wages-occupation/131/BC;jsessionid=FC772C88E37DA812EDE799C627688190.jobsearch75
15,(11101),Financial and investment analysts     ,29.44,40.0,61.54,https://www.jobbank.gc.ca/marketreport/wages-occupation/12421/BC;jsessionid=FC772C88E37DA812EDE799C627688190.jobsearch75
16,(11102),Financial advisors     ,23.08,35.9,72.65,https://www.jobbank.gc.ca/marketreport/wages-occupation/296495/BC;jsessionid=FC772C88E37DA812EDE799C627688190.jobsearch75
17,(11103),"Securities agents, investment dealers and brokers     ",25.96,36.92,75.48,https://www.jobbank.gc.ca/marketreport/wages-occupation/17691/BC;jsessionid=FC772C88E37DA812EDE799C627688190.jobsearch75
18,(11109),Other financial officers     ,22.36,37.0,72.12,https://www.jobbank.gc.ca/marketreport/wages-occupation/296408/BC;jsessionid=FC772C88E37DA812EDE799C627688190.jobsearch75
19,(11200),Human resources professionals     ,25.6,41.0,64.42,https://www.jobbank.gc.ca/marketreport/wages-occupation/251/BC;jsessionid=FC772C88E37DA812EDE799C627688190.jobsearch75
20,(11201),Professional occupations in business management consulting     ,26.5,42.0,62.5,https://www.jobbank.gc.ca/marketreport/wages-occupation/310/BC;jsessionid=FC772C88E37DA812EDE799C627688190.jobsearch75
21,(11202),"Professional occupations in advertising, marketing and public relations     ",20.0,31.25,54.95,https://www.jobbank.gc.ca/marketreport/wages-occupation/24813/BC;jsessionid=FC772C88E37DA812EDE799C627688190.jobsearch75
22,(12010),"Supervisors, general office and administrative support workers     ",20.0,33.52,45.0,https://www.jobbank.gc.ca/marketreport/wages-occupation/366/BC;jsessionid=FC772C88E37DA812EDE799C627688190.jobsearch75
23,(12011),"Supervisors, finance and insurance office workers     ",18.5,31.25,48.72,https://www.jobbank.gc.ca/marketreport/wages-occupation/395/BC;jsessionid=FC772C88E37DA812EDE799C627688190.jobsearch75
24,(12012),"Supervisors, library, correspondence and related information workers     ",0.0,29.16,0.0,https://www.jobbank.gc.ca/marketreport/wages-occupation/26798/BC;jsessionid=FC772C88E37DA812EDE799C627688190.jobsearch75
25,(12013),"Supervisors, supply chain, tracking and scheduling co-ordination occupations     ",21.0,30.77,43.27,https://www.jobbank.gc.ca/marketreport/wages-occupation/502/BC;jsessionid=FC772C88E37DA812EDE799C627688190.jobsearch75
26,(12100),Executive assistants     ,20.93,31.51,48.08,https://www.jobbank.gc.ca/marketreport/wages-occupation/527/BC;jsessionid=FC772C88E37DA812EDE799C627688190.jobsearch75
27,(12101),Human resources and recruitment officers     ,21.54,31.25,49.45,https://www.jobbank.gc.ca/marketreport/wages-occupation/12514/BC;jsessionid=FC772C88E37DA812EDE799C627688190.jobsearch75
28,(12102),Procurement and purchasing agents and officers     ,24.67,35.0,48.0,https://www.jobbank.gc.ca/marketreport/wages-occupation/540/BC;jsessionid=FC772C88E37DA812EDE799C627688190.jobsearch75
29,(12103),Conference and event planners     ,20.0,27.0,38.94,https://www.jobbank.gc.ca/marketreport/wages-occupation/12542/BC;jsessionid=FC772C88E37DA812EDE799C627688190.jobsearch75
30,(12104),Employment insurance and revenue officers     ,26.0,34.0,51.28,https://www.jobbank.gc.ca/marketreport/wages-occupation/584/BC;jsessionid=FC772C88E37DA812EDE799C627688190.jobsearch75
31,(12110),"Court reporters, medical transcriptionists and related occupations     ",18.75,26.67,30.0,https://www.jobbank.gc.ca/marketreport/wages-occupation/1575/BC;jsessionid=FC772C88E37DA812EDE799C627688190.jobsearch75
32,(12111),Health information management occupations     ,29.0,31.41,53.0,https://www.jobbank.gc.ca/marketreport/wages-occupation/25617/BC;jsessionid=FC772C88E37DA812EDE799C627688190.jobsearch75
33,(12112),Records management technicians     ,24.5,31.9,36.41,https://www.jobbank.gc.ca/marketreport/wages-occupation/26664/BC;jsessionid=FC772C88E37DA812EDE799C627688190.jobsearch75
34,(12113),Statistical officers and related research support occupations     ,17.4,30.52,52.05,https://www.jobbank.gc.ca/marketreport/wages-occupation/26400/BC;jsessionid=FC772C88E37DA812EDE799C627688190.jobsearch75
35,(12200),Accounting technicians and bookkeepers     ,19.0,27.0,44.62,https://www.jobbank.gc.ca/marketreport/wages-occupation/24500/BC;jsessionid=FC772C88E37DA812EDE799C627688190.jobsearch75
36,(12201),Insurance adjusters and claims examiners     ,29.0,39.9,52.38,https://www.jobbank.gc.ca/marketreport/wages-occupation/12581/BC;jsessionid=FC772C88E37DA812EDE799C627688190.jobsearch75
37,(12202),Insurance underwriters     ,29.81,37.5,62.5,https://www.jobbank.gc.ca/marketreport/wages-occupation/665/BC;jsessionid=FC772C88E37DA812EDE799C627688190.jobsearch75
38,(12203),"Assessors, business valuators and appraisers     ",22.73,42.96,57.69,https://www.jobbank.gc.ca/marketreport/wages-occupation/870/BC;jsessionid=FC772C88E37DA812EDE799C627688190.jobsearch75
39,(13100),Administrative officers     ,21.05,28.85,44.87,https://www.jobbank.gc.ca/marketreport/wages-occupation/12462/BC;jsessionid=FC772C88E37DA812EDE799C627688190.jobsearch75
40,(13101),Property administrators     ,18.33,27.69,43.96,https://www.jobbank.gc.ca/marketreport/wages-occupation/17717/BC;jsessionid=FC772C88E37DA812EDE799C627688190.jobsearch75
41,(13102),Payroll administrators     ,20.0,30.0,43.27,https://www.jobbank.gc.ca/marketreport/wages-occupation/25792/BC;jsessionid=FC772C88E37DA812EDE799C627688190.jobsearch75
42,(13110),Administrative assistants     ,18.0,26.15,35.22,https://www.jobbank.gc.ca/marketreport/wages-occupation/24789/BC;jsessionid=FC772C88E37DA812EDE799C627688190.jobsearch75
43,(13111),Legal administrative assistants     ,18.46,26.0,40.93,https://www.jobbank.gc.ca/marketreport/wages-occupation/26967/BC;jsessionid=FC772C88E37DA812EDE799C627688190.jobsearch75
44,(13112),Medical administrative assistants     ,21.0,25.0,32.97,https://www.jobbank.gc.ca/marketreport/wages-occupation/26968/BC;jsessionid=FC772C88E37DA812EDE799C627688190.jobsearch75
45,(13200),"Customs, ship and other brokers     ",17.76,27.39,49.59,https://www.jobbank.gc.ca/marketreport/wages-occupation/878/BC;jsessionid=FC772C88E37DA812EDE799C627688190.jobsearch75
46,(13201),Production and transportation logistics coordinators     ,20.51,25.0,41.25,https://www.jobbank.gc.ca/marketreport/wages-occupation/27151/BC;jsessionid=FC772C88E37DA812EDE799C627688190.jobsearch75
47,(14100),General office support workers     ,17.4,24.5,32.87,https://www.jobbank.gc.ca/marketreport/wages-occupation/12609/BC;jsessionid=FC772C88E37DA812EDE799C627688190.jobsearch75
48,(14101),Receptionists     ,17.4,22.0,29.0,https://www.jobbank.gc.ca/marketreport/wages-occupation/24391/BC;jsessionid=FC772C88E37DA812EDE799C627688190.jobsearch75
49,(14102),Personnel clerks     ,24.0,26.0,38.46,https://www.jobbank.gc.ca/marketreport/wages-occupation/26972/BC;jsessionid=FC772C88E37DA812EDE799C627688190.jobsearch75
50,(14103),Court clerks and related court services occupations     ,26.5,30.19,41.8,https://www.jobbank.gc.ca/marketreport/wages-occupation/17737/BC;jsessionid=FC772C88E37DA812EDE799C627688190.jobsearch75
51,(14110),Survey interviewers and statistical clerks     ,17.4,27.0,30.0,https://www.jobbank.gc.ca/marketreport/wages-occupation/2363/BC;jsessionid=FC772C88E37DA812EDE799C627688190.jobsearch75
52,(14111),Data entry clerks     ,17.4,22.0,28.02,https://www.jobbank.gc.ca/marketreport/wages-occupation/19213/BC;jsessionid=FC772C88E37DA812EDE799C627688190.jobsearch75
53,(14112),Desktop publishing operators and related occupations     ,17.4,22.98,35.0,https://www.jobbank.gc.ca/marketreport/wages-occupation/19254/BC;jsessionid=FC772C88E37DA812EDE799C627688190.jobsearch75
54,(14200),Accounting and related clerks     ,18.99,25.0,33.65,https://www.jobbank.gc.ca/marketreport/wages-occupation/14122/BC;jsessionid=FC772C88E37DA812EDE799C627688190.jobsearch75
55,(14201),"Banking, insurance and other financial clerks     ",19.23,24.5,34.0,https://www.jobbank.gc.ca/marketreport/wages-occupation/2290/BC;jsessionid=FC772C88E37DA812EDE799C627688190.jobsearch75
56,(14202),Collection clerks     ,18.46,28.72,32.0,https://www.jobbank.gc.ca/marketreport/wages-occupation/19287/BC;jsessionid=FC772C88E37DA812EDE799C627688190.jobsearch75
57,(14300),Library assistants and clerks     ,17.4,24.0,31.4,https://www.jobbank.gc.ca/marketreport/wages-occupation/24868/BC;jsessionid=FC772C88E37DA812EDE799C627688190.jobsearch75
58,(14301),"Correspondence, publication and regulatory clerks     ",20.0,28.59,44.18,https://www.jobbank.gc.ca/marketreport/wages-occupation/2336/BC;jsessionid=FC772C88E37DA812EDE799C627688190.jobsearch75
59,(14400),Shippers and receivers     ,17.4,22.0,30.13,https://www.jobbank.gc.ca/marketreport/wages-occupation/15242/BC;jsessionid=FC772C88E37DA812EDE799C627688190.jobsearch75
60,(14401),Storekeepers and partspersons     ,19.0,26.5,38.6,https://www.jobbank.gc.ca/marketreport/wages-occupation/19341/BC;jsessionid=FC772C88E37DA812EDE799C627688190.jobsearch75
61,(14402),Production logistics workers     ,17.4,27.99,46.65,https://www.jobbank.gc.ca/marketreport/wages-occupation/2458/BC;jsessionid=FC772C88E37DA812EDE799C627688190.jobsearch75
62,(14403),Purchasing and inventory control workers     ,18.5,25.0,37.5,https://www.jobbank.gc.ca/marketreport/wages-occupation/15270/BC;jsessionid=FC772C88E37DA812EDE799C627688190.jobsearch75
63,(14404),Dispatchers     ,19.23,30.25,40.0,https://www.jobbank.gc.ca/marketreport/wages-occupation/19374/BC;jsessionid=FC772C88E37DA812EDE799C627688190.jobsearch75
64,(14405),Transportation route and crew schedulers     ,19.32,29.73,47.81,https://www.jobbank.gc.ca/marketreport/wages-occupation/15291/BC;jsessionid=FC772C88E37DA812EDE799C627688190.jobsearch75
65,(20010),Engineering managers     ,38.46,67.31,115.38,https://www.jobbank.gc.ca/marketreport/wages-occupation/1366/BC;jsessionid=FC772C88E37DA812EDE799C627688190.jobsearch75
66,(20011),Architecture and science managers     ,37.36,50.96,100.96,https://www.jobbank.gc.ca/marketreport/wages-occupation/1403/BC;jsessionid=FC772C88E37DA812EDE799C627688190.jobsearch75
67,(20012),Computer and information systems managers     ,36.06,59.62,96.63,https://www.jobbank.gc.ca/marketreport/wages-occupation/1433/BC;jsessionid=FC772C88E37DA812EDE799C627688190.jobsearch75
68,(21100),Physicists and astronomers     ,29.51,50.3,88.14,https://www.jobbank.gc.ca/marketreport/wages-occupation/2496/BC;jsessionid=FC772C88E37DA812EDE799C627688190.jobsearch75
69,(21101),Chemists     ,23.76,36.81,58.96,https://www.jobbank.gc.ca/marketreport/wages-occupation/20049/BC;jsessionid=FC772C88E37DA812EDE799C627688190.jobsearch75
70,(21102),Geoscientists and oceanographers     ,30.0,54.95,94.09,https://www.jobbank.gc.ca/marketreport/wages-occupation/25594/BC;jsessionid=FC772C88E37DA812EDE799C627688190.jobsearch75
71,(21103),Meteorologists and climatologists     ,0.0,53.47,0.0,https://www.jobbank.gc.ca/marketreport/wages-occupation/2588/BC;jsessionid=FC772C88E37DA812EDE799C627688190.jobsearch75
72,(21110),Biologists and related scientists     ,26.5,40.0,52.88,https://www.jobbank.gc.ca/marketreport/wages-occupation/2616/BC;jsessionid=FC772C88E37DA812EDE799C627688190.jobsearch75
73,(21111),Forestry professionals     ,31.0,40.0,67.36,https://www.jobbank.gc.ca/marketreport/wages-occupation/2733/BC;jsessionid=FC772C88E37DA812EDE799C627688190.jobsearch75
74,(21112),"Agricultural representatives, consultants and specialists     ",19.59,35.19,49.93,https://www.jobbank.gc.ca/marketreport/wages-occupation/15320/BC;jsessionid=FC772C88E37DA812EDE799C627688190.jobsearch75
75,(21120),Public and environmental health and safety professionals      ,24.0,40.0,61.54,https://www.jobbank.gc.ca/marketreport/wages-occupation/22679/BC;jsessionid=FC772C88E37DA812EDE799C627688190.jobsearch75
76,(21200),Architects     ,21.25,43.27,76.92,https://www.jobbank.gc.ca/marketreport/wages-occupation/17867/BC;jsessionid=FC772C88E37DA812EDE799C627688190.jobsearch75
77,(21201),Landscape architects     ,19.67,36.54,54.7,https://www.jobbank.gc.ca/marketreport/wages-occupation/5432/BC;jsessionid=FC772C88E37DA812EDE799C627688190.jobsearch75
78,(21202),Urban and land use planners     ,30.0,44.14,62.5,https://www.jobbank.gc.ca/marketreport/wages-occupation/22469/BC;jsessionid=FC772C88E37DA812EDE799C627688190.jobsearch75
79,(21203),Land surveyors     ,35.5,40.0,60.0,https://www.jobbank.gc.ca/marketreport/wages-occupation/24419/BC;jsessionid=FC772C88E37DA812EDE799C627688190.jobsearch75
80,(21210),"Mathematicians, statisticians and actuaries     ",33.65,48.08,67.31,https://www.jobbank.gc.ca/marketreport/wages-occupation/5452/BC;jsessionid=FC772C88E37DA812EDE799C627688190.jobsearch75
81,(21211),Data scientists      ,33.0,45.15,96.15,https://www.jobbank.gc.ca/marketreport/wages-occupation/227147/BC;jsessionid=FC772C88E37DA812EDE799C627688190.jobsearch75
82,(21220),Cybersecurity specialists      ,30.0,45.67,69.23,https://www.jobbank.gc.ca/marketreport/wages-occupation/296427/BC;jsessionid=FC772C88E37DA812EDE799C627688190.jobsearch75
83,(21221),Business systems specialists     ,26.54,42.94,54.36,https://www.jobbank.gc.ca/marketreport/wages-occupation/22495/BC;jsessionid=FC772C88E37DA812EDE799C627688190.jobsearch75
84,(21222),Information systems specialists     ,28.85,43.96,66.67,https://www.jobbank.gc.ca/marketreport/wages-occupation/22498/BC;jsessionid=FC772C88E37DA812EDE799C627688190.jobsearch75
85,(21223),Database analysts and data administrators     ,26.97,43.96,69.23,https://www.jobbank.gc.ca/marketreport/wages-occupation/17882/BC;jsessionid=FC772C88E37DA812EDE799C627688190.jobsearch75
86,(21230),Computer systems developers and programmers      ,23.08,43.27,69.23,https://www.jobbank.gc.ca/marketreport/wages-occupation/22527/BC;jsessionid=FC772C88E37DA812EDE799C627688190.jobsearch75
87,(21231),Software engineers and designers     ,34.0,60.1,91.35,https://www.jobbank.gc.ca/marketreport/wages-occupation/5482/BC;jsessionid=FC772C88E37DA812EDE799C627688190.jobsearch75
88,(21232),Software developers and programmers      ,30.29,48.08,81.73,https://www.jobbank.gc.ca/marketreport/wages-occupation/22531/BC;jsessionid=FC772C88E37DA812EDE799C627688190.jobsearch75
89,(21233),Web designers     ,19.23,30.29,49.23,https://www.jobbank.gc.ca/marketreport/wages-occupation/17898/BC;jsessionid=FC772C88E37DA812EDE799C627688190.jobsearch75
90,(21234),Web developers and programmers      ,21.2,37.44,63.46,https://www.jobbank.gc.ca/marketreport/wages-occupation/296888/BC;jsessionid=FC772C88E37DA812EDE799C627688190.jobsearch75
91,(21300),Civil engineers     ,27.0,51.28,82.42,https://www.jobbank.gc.ca/marketreport/wages-occupation/22376/BC;jsessionid=FC772C88E37DA812EDE799C627688190.jobsearch75
92,(21301),Mechanical engineers     ,30.0,43.27,67.18,https://www.jobbank.gc.ca/marketreport/wages-occupation/2757/BC;jsessionid=FC772C88E37DA812EDE799C627688190.jobsearch75
93,(21310),Electrical and electronics engineers     ,33.0,51.28,75.58,https://www.jobbank.gc.ca/marketreport/wages-occupation/17843/BC;jsessionid=FC772C88E37DA812EDE799C627688190.jobsearch75
94,(21311),Computer engineers (except software engineers and designers)     ,28.85,50.0,71.79,https://www.jobbank.gc.ca/marketreport/wages-occupation/5402/BC;jsessionid=FC772C88E37DA812EDE799C627688190.jobsearch75
95,(21320),Chemical engineers     ,20.19,55.0,72.12,https://www.jobbank.gc.ca/marketreport/wages-occupation/2789/BC;jsessionid=FC772C88E37DA812EDE799C627688190.jobsearch75
96,(21321),Industrial and manufacturing engineers     ,28.75,44.0,78.85,https://www.jobbank.gc.ca/marketreport/wages-occupation/296824/BC;jsessionid=FC772C88E37DA812EDE799C627688190.jobsearch75
97,(21322),Metallurgical and materials engineers     ,18.65,47.1,75.54,https://www.jobbank.gc.ca/marketreport/wages-occupation/17862/BC;jsessionid=FC772C88E37DA812EDE799C627688190.jobsearch75
98,(21330),Mining engineers     ,20.6,47.62,134.62,https://www.jobbank.gc.ca/marketreport/wages-occupation/2816/BC;jsessionid=FC772C88E37DA812EDE799C627688190.jobsearch75
99,(21331),Geological engineers      ,28.01,49.83,90.69,https://www.jobbank.gc.ca/marketreport/wages-occupation/22455/BC;jsessionid=FC772C88E37DA812EDE799C627688190.jobsearch75
100,(21332),Petroleum engineers     ,0.0,46.7,0.0,https://www.jobbank.gc.ca/marketreport/wages-occupation/2831/BC;jsessionid=FC772C88E37DA812EDE799C627688190.jobsearch75
101,(21390),Aerospace engineers     ,23.38,45.72,63.63,https://www.jobbank.gc.ca/marketreport/wages-occupation/2845/BC;jsessionid=FC772C88E37DA812EDE799C627688190.jobsearch75
102,(21399),Other professional engineers     ,36.06,48.08,74.79,https://www.jobbank.gc.ca/marketreport/wages-occupation/5419/BC;jsessionid=FC772C88E37DA812EDE799C627688190.jobsearch75
103,(22100),Chemical technologists and technicians     ,20.0,22.0,38.46,https://www.jobbank.gc.ca/marketreport/wages-occupation/2974/BC;jsessionid=FC772C88E37DA812EDE799C627688190.jobsearch75
104,(22101),Geological and mineral technologists and technicians     ,21.0,30.0,43.62,https://www.jobbank.gc.ca/marketreport/wages-occupation/3029/BC;jsessionid=FC772C88E37DA812EDE799C627688190.jobsearch75
105,(22110),Biological technologists and technicians     ,19.0,24.55,32.18,https://www.jobbank.gc.ca/marketreport/wages-occupation/3126/BC;jsessionid=FC772C88E37DA812EDE799C627688190.jobsearch75
106,(22111),Agricultural and fish products inspectors     ,20.36,33.45,45.57,https://www.jobbank.gc.ca/marketreport/wages-occupation/3167/BC;jsessionid=FC772C88E37DA812EDE799C627688190.jobsearch75
107,(22112),Forestry technologists and technicians     ,22.42,32.0,42.94,https://www.jobbank.gc.ca/marketreport/wages-occupation/17904/BC;jsessionid=FC772C88E37DA812EDE799C627688190.jobsearch75
108,(22113),Conservation and fishery officers     ,26.67,38.0,50.0,https://www.jobbank.gc.ca/marketreport/wages-occupation/297228/BC;jsessionid=FC772C88E37DA812EDE799C627688190.jobsearch75
109,(22114),Landscape and horticulture technicians and specialists     ,19.0,25.0,31.0,https://www.jobbank.gc.ca/marketreport/wages-occupation/22560/BC;jsessionid=FC772C88E37DA812EDE799C627688190.jobsearch75
110,(22210),Architectural technologists and technicians     ,23.0,32.5,44.0,https://www.jobbank.gc.ca/marketreport/wages-occupation/3397/BC;jsessionid=FC772C88E37DA812EDE799C627688190.jobsearch75
111,(22211),Industrial designers     ,21.0,35.0,52.88,https://www.jobbank.gc.ca/marketreport/wages-occupation/3406/BC;jsessionid=FC772C88E37DA812EDE799C627688190.jobsearch75
112,(22212),Drafting technologists and technicians     ,20.0,32.75,45.0,https://www.jobbank.gc.ca/marketreport/wages-occupation/3429/BC;jsessionid=FC772C88E37DA812EDE799C627688190.jobsearch75
113,(22213),Land survey technologists and technicians     ,20.89,37.0,61.3,https://www.jobbank.gc.ca/marketreport/wages-occupation/18100/BC;jsessionid=FC772C88E37DA812EDE799C627688190.jobsearch75
114,(22214),Technical occupations in geomatics and meteorology     ,27.0,36.0,43.82,https://www.jobbank.gc.ca/marketreport/wages-occupation/3506/BC;jsessionid=FC772C88E37DA812EDE799C627688190.jobsearch75
115,(22220),Computer network and web technicians     ,22.0,30.91,46.15,https://www.jobbank.gc.ca/marketreport/wages-occupation/24514/BC;jsessionid=FC772C88E37DA812EDE799C627688190.jobsearch75
116,(22221),User support technicians     ,20.0,30.0,43.0,https://www.jobbank.gc.ca/marketreport/wages-occupation/3772/BC;jsessionid=FC772C88E37DA812EDE799C627688190.jobsearch75
117,(22222),Information systems testing technicians     ,19.0,31.79,49.45,https://www.jobbank.gc.ca/marketreport/wages-occupation/3954/BC;jsessionid=FC772C88E37DA812EDE799C627688190.jobsearch75
118,(22230),Non-destructive testers and inspectors     ,24.28,38.88,54.63,https://www.jobbank.gc.ca/marketreport/wages-occupation/3538/BC;jsessionid=FC772C88E37DA812EDE799C627688190.jobsearch75
119,(22231),Engineering inspectors and regulatory officers     ,29.52,46.97,71.42,https://www.jobbank.gc.ca/marketreport/wages-occupation/18130/BC;jsessionid=FC772C88E37DA812EDE799C627688190.jobsearch75
120,(22232),Occupational health and safety specialists     ,28.85,43.27,62.0,https://www.jobbank.gc.ca/marketreport/wages-occupation/22680/BC;jsessionid=FC772C88E37DA812EDE799C627688190.jobsearch75
121,(22233),Construction inspectors     ,26.0,38.0,52.0,https://www.jobbank.gc.ca/marketreport/wages-occupation/3586/BC;jsessionid=FC772C88E37DA812EDE799C627688190.jobsearch75
122,(22300),Civil engineering technologists and technicians     ,22.0,34.87,47.5,https://www.jobbank.gc.ca/marketreport/wages-occupation/17969/BC;jsessionid=FC772C88E37DA812EDE799C627688190.jobsearch75
123,(22301),Mechanical engineering technologists and technicians     ,22.6,36.06,46.15,https://www.jobbank.gc.ca/marketreport/wages-occupation/3233/BC;jsessionid=FC772C88E37DA812EDE799C627688190.jobsearch75
124,(22302),Industrial engineering and manufacturing technologists and technicians     ,27.0,37.0,48.75,https://www.jobbank.gc.ca/marketreport/wages-occupation/22583/BC;jsessionid=FC772C88E37DA812EDE799C627688190.jobsearch75
125,(22303),Construction estimators     ,28.85,40.24,77.78,https://www.jobbank.gc.ca/marketreport/wages-occupation/3273/BC;jsessionid=FC772C88E37DA812EDE799C627688190.jobsearch75
126,(22310),Electrical and electronics engineering technologists and technicians     ,23.5,34.28,46.71,https://www.jobbank.gc.ca/marketreport/wages-occupation/18010/BC;jsessionid=FC772C88E37DA812EDE799C627688190.jobsearch75
127,(22311),Electronic service technicians (household and business equipment)     ,17.4,27.0,37.0,https://www.jobbank.gc.ca/marketreport/wages-occupation/3296/BC;jsessionid=FC772C88E37DA812EDE799C627688190.jobsearch75
128,(22312),Industrial instrument technicians and mechanics     ,22.0,45.0,58.75,https://www.jobbank.gc.ca/marketreport/wages-occupation/22631/BC;jsessionid=FC772C88E37DA812EDE799C627688190.jobsearch75
129,(22313),"Aircraft instrument, electrical and avionics mechanics, technicians and inspectors     ",21.24,37.64,53.57,https://www.jobbank.gc.ca/marketreport/wages-occupation/297173/BC;jsessionid=FC772C88E37DA812EDE799C627688190.jobsearch75
130,(30010),Managers in health care     ,27.69,51.28,82.05,https://www.jobbank.gc.ca/marketreport/wages-occupation/1708/BC;jsessionid=FC772C88E37DA812EDE799C627688190.jobsearch75
131,(31100),Specialists in clinical and laboratory medicine     ,61.86974358974359,148.71692307692308,272.4230769230769,https://www.jobbank.gc.ca/marketreport/wages-occupation/4011/BC;jsessionid=FC772C88E37DA812EDE799C627688190.jobsearch75
132,(31101),Specialists in surgery      ,71.43076923076923,207.78974358974358,392.7584615384615,https://www.jobbank.gc.ca/marketreport/wages-occupation/4013/BC;jsessionid=FC772C88E37DA812EDE799C627688190.jobsearch75
133,(31102),General practitioners and family physicians     ,35.66102564102564,91.6974358974359,172.0225641025641,https://www.jobbank.gc.ca/marketreport/wages-occupation/24433/BC;jsessionid=FC772C88E37DA812EDE799C627688190.jobsearch75
134,(31103),Veterinarians     ,35.58,59.06,72.12,https://www.jobbank.gc.ca/marketreport/wages-occupation/4127/BC;jsessionid=FC772C88E37DA812EDE799C627688190.jobsearch75
135,(31110),Dentists     ,18.96051282051282,43.07692307692308,109.74358974358974,https://www.jobbank.gc.ca/marketreport/wages-occupation/4092/BC;jsessionid=FC772C88E37DA812EDE799C627688190.jobsearch75
136,(31111),Optometrists     ,18.96051282051282,35.64102564102564,74.35897435897436,https://www.jobbank.gc.ca/marketreport/wages-occupation/18193/BC;jsessionid=FC772C88E37DA812EDE799C627688190.jobsearch75
137,(31112),Audiologists and speech-language pathologists     ,39.06,43.5,65.0,https://www.jobbank.gc.ca/marketreport/wages-occupation/22740/BC;jsessionid=FC772C88E37DA812EDE799C627688190.jobsearch75
138,(31120),Pharmacists     ,40.0,50.0,63.0,https://www.jobbank.gc.ca/marketreport/wages-occupation/18196/BC;jsessionid=FC772C88E37DA812EDE799C627688190.jobsearch75
139,(31121),Dietitians and nutritionists     ,24.0,41.0,48.0,https://www.jobbank.gc.ca/marketreport/wages-occupation/4138/BC;jsessionid=FC772C88E37DA812EDE799C627688190.jobsearch75
140,(31200),Psychologists     ,36.7,49.0,68.75,https://www.jobbank.gc.ca/marketreport/wages-occupation/2218/BC;jsessionid=FC772C88E37DA812EDE799C627688190.jobsearch75
141,(31201),Chiropractors     ,18.96051282051282,30.76923076923077,66.66666666666667,https://www.jobbank.gc.ca/marketreport/wages-occupation/4136/BC;jsessionid=FC772C88E37DA812EDE799C627688190.jobsearch75
142,(31202),Physiotherapists     ,23.08,46.08,64.84,https://www.jobbank.gc.ca/marketreport/wages-occupation/18214/BC;jsessionid=FC772C88E37DA812EDE799C627688190.jobsearch75
143,(31203),Occupational therapists     ,23.08,45.0,51.5,https://www.jobbank.gc.ca/marketreport/wages-occupation/4168/BC;jsessionid=FC772C88E37DA812EDE799C627688190.jobsearch75
144,(31204),Kinesiologists and other professional occupations in therapy and assessment     ,20.0,30.0,45.92,https://www.jobbank.gc.ca/marketreport/wages-occupation/22772/BC;jsessionid=FC772C88E37DA812EDE799C627688190.jobsearch75
145,(31209),Other professional occupations in health diagnosing and treating     ,18.96051282051282,36.666666666666664,63.58974358974359,https://www.jobbank.gc.ca/marketreport/wages-occupation/22720/BC;jsessionid=FC772C88E37DA812EDE799C627688190.jobsearch75
146,(31300),Nursing coordinators and supervisors     ,27.0,47.58,57.13,https://www.jobbank.gc.ca/marketreport/wages-occupation/18220/BC;jsessionid=FC772C88E37DA812EDE799C627688190.jobsearch75
147,(31301),Registered nurses and registered psychiatric nurses     ,32.5,45.0,52.0,https://www.jobbank.gc.ca/marketreport/wages-occupation/26859/BC;jsessionid=FC772C88E37DA812EDE799C627688190.jobsearch75
148,(31302),Nurse practitioners      ,39.2,55.0,73.0,https://www.jobbank.gc.ca/marketreport/wages-occupation/26454/BC;jsessionid=FC772C88E37DA812EDE799C627688190.jobsearch75
149,(31303),"Physician assistants, midwives and allied health professionals       ",25.19,39.24,47.97,https://www.jobbank.gc.ca/marketreport/wages-occupation/296454/BC;jsessionid=FC772C88E37DA812EDE799C627688190.jobsearch75
150,(32100),Opticians     ,21.0,27.0,32.0,https://www.jobbank.gc.ca/marketreport/wages-occupation/4345/BC;jsessionid=FC772C88E37DA812EDE799C627688190.jobsearch75
151,(32101),Licensed practical nurses     ,27.5,32.0,37.2,https://www.jobbank.gc.ca/marketreport/wages-occupation/4383/BC;jsessionid=FC772C88E37DA812EDE799C627688190.jobsearch75
152,(32102),Paramedical occupations     ,25.0,35.5,49.0,https://www.jobbank.gc.ca/marketreport/wages-occupation/24525/BC;jsessionid=FC772C88E37DA812EDE799C627688190.jobsearch75
153,(32103),"Respiratory therapists, clinical perfusionists and cardiopulmonary technologists     ",28.85,38.0,45.0,https://www.jobbank.gc.ca/marketreport/wages-occupation/22780/BC;jsessionid=FC772C88E37DA812EDE799C627688190.jobsearch75
154,(32104),Animal health technologists and veterinary technicians     ,17.4,21.0,31.0,https://www.jobbank.gc.ca/marketreport/wages-occupation/24858/BC;jsessionid=FC772C88E37DA812EDE799C627688190.jobsearch75
155,(32109),Other technical occupations in therapy and assessment     ,18.0,25.0,38.97,https://www.jobbank.gc.ca/marketreport/wages-occupation/4430/BC;jsessionid=FC772C88E37DA812EDE799C627688190.jobsearch75
156,(32110),Denturists     ,0.0,22.76923076923077,0.0,https://www.jobbank.gc.ca/marketreport/wages-occupation/4332/BC;jsessionid=FC772C88E37DA812EDE799C627688190.jobsearch75
157,(32111),Dental hygienists and dental therapists     ,37.5,53.0,60.0,https://www.jobbank.gc.ca/marketreport/wages-occupation/18326/BC;jsessionid=FC772C88E37DA812EDE799C627688190.jobsearch75
158,(32112),Dental technologists and technicians      ,20.0,27.0,36.0,https://www.jobbank.gc.ca/marketreport/wages-occupation/22820/BC;jsessionid=FC772C88E37DA812EDE799C627688190.jobsearch75
159,(32120),Medical laboratory technologists     ,28.3,39.13,44.0,https://www.jobbank.gc.ca/marketreport/wages-occupation/4187/BC;jsessionid=FC772C88E37DA812EDE799C627688190.jobsearch75
160,(32121),Medical radiation technologists     ,35.0,39.72,47.65,https://www.jobbank.gc.ca/marketreport/wages-occupation/18254/BC;jsessionid=FC772C88E37DA812EDE799C627688190.jobsearch75
161,(32122),Medical sonographers     ,35.0,40.0,47.0,https://www.jobbank.gc.ca/marketreport/wages-occupation/4262/BC;jsessionid=FC772C88E37DA812EDE799C627688190.jobsearch75
162,(32123),Cardiology technologists and electrophysiological diagnostic technologists     ,27.3,35.28,39.7,https://www.jobbank.gc.ca/marketreport/wages-occupation/296686/BC;jsessionid=FC772C88E37DA812EDE799C627688190.jobsearch75
163,(32124),Pharmacy technicians     ,17.4,25.0,33.0,https://www.jobbank.gc.ca/marketreport/wages-occupation/25660/BC;jsessionid=FC772C88E37DA812EDE799C627688190.jobsearch75
164,(32129),Other medical technologists and technicians     ,17.65,20.0,29.82,https://www.jobbank.gc.ca/marketreport/wages-occupation/297013/BC;jsessionid=FC772C88E37DA812EDE799C627688190.jobsearch75
165,(32200),Traditional Chinese medicine practitioners and acupuncturists     ,18.96051282051282,18.96051282051282,36.41025641025641,https://www.jobbank.gc.ca/marketreport/wages-occupation/296589/BC;jsessionid=FC772C88E37DA812EDE799C627688190.jobsearch75
166,(32201),Massage therapists     ,18.96051282051282,22.358974358974358,41.53846153846154,https://www.jobbank.gc.ca/marketreport/wages-occupation/24680/BC;jsessionid=FC772C88E37DA812EDE799C627688190.jobsearch75
167,(32209),Other practitioners of natural healing      ,0.0,18.96051282051282,0.0,https://www.jobbank.gc.ca/marketreport/wages-occupation/27080/BC;jsessionid=FC772C88E37DA812EDE799C627688190.jobsearch75
168,(33100),Dental assistants and dental laboratory assistants     ,22.0,30.0,36.0,https://www.jobbank.gc.ca/marketreport/wages-occupation/22825/BC;jsessionid=FC772C88E37DA812EDE799C627688190.jobsearch75
169,(33101),Medical laboratory assistants and related technical occupations     ,22.0,26.0,38.3,https://www.jobbank.gc.ca/marketreport/wages-occupation/4210/BC;jsessionid=FC772C88E37DA812EDE799C627688190.jobsearch75
170,(33102),"Nurse aides, orderlies and patient service associates     ",21.23,25.19,28.74,https://www.jobbank.gc.ca/marketreport/wages-occupation/15798/BC;jsessionid=FC772C88E37DA812EDE799C627688190.jobsearch75
171,(33103),Pharmacy technical assistants and pharmacy assistants     ,17.4,20.75,30.0,https://www.jobbank.gc.ca/marketreport/wages-occupation/25662/BC;jsessionid=FC772C88E37DA812EDE799C627688190.jobsearch75
172,(33109),Other assisting occupations in support of health services     ,18.0,24.99,30.0,https://www.jobbank.gc.ca/marketreport/wages-occupation/4565/BC;jsessionid=FC772C88E37DA812EDE799C627688190.jobsearch75
173,(40010),Government managers - health and social policy development and program administration     ,43.08,54.0,80.0,https://www.jobbank.gc.ca/marketreport/wages-occupation/1859/BC;jsessionid=FC772C88E37DA812EDE799C627688190.jobsearch75
174,(40011),"Government managers - economic analysis, policy development and program administration     ",43.75,60.0,75.0,https://www.jobbank.gc.ca/marketreport/wages-occupation/12242/BC;jsessionid=FC772C88E37DA812EDE799C627688190.jobsearch75
175,(40012),Government managers - education policy development and program administration     ,28.33,44.56,70.83,https://www.jobbank.gc.ca/marketreport/wages-occupation/1943/BC;jsessionid=FC772C88E37DA812EDE799C627688190.jobsearch75
176,(40019),Other managers in public administration     ,35.9,54.95,75.0,https://www.jobbank.gc.ca/marketreport/wages-occupation/1954/BC;jsessionid=FC772C88E37DA812EDE799C627688190.jobsearch75
177,(40020),Administrators - post-secondary education and vocational training     ,39.56,57.69,78.57,https://www.jobbank.gc.ca/marketreport/wages-occupation/296047/BC;jsessionid=FC772C88E37DA812EDE799C627688190.jobsearch75
178,(40021),School principals and administrators of elementary and secondary education     ,36.86,56.73,76.92,https://www.jobbank.gc.ca/marketreport/wages-occupation/1748/BC;jsessionid=FC772C88E37DA812EDE799C627688190.jobsearch75
179,(40030),"Managers in social, community and correctional services     ",25.0,45.67,68.57,https://www.jobbank.gc.ca/marketreport/wages-occupation/1801/BC;jsessionid=FC772C88E37DA812EDE799C627688190.jobsearch75
180,(40040),Commissioned police officers and related occupations in public protection services     ,0.0,59.73,0.0,https://www.jobbank.gc.ca/marketreport/wages-occupation/2062/BC;jsessionid=FC772C88E37DA812EDE799C627688190.jobsearch75
181,(40041),Fire chiefs and senior firefighting officers     ,38.36,62.27,77.61,https://www.jobbank.gc.ca/marketreport/wages-occupation/2081/BC;jsessionid=FC772C88E37DA812EDE799C627688190.jobsearch75
182,(40042),Commissioned officers of the Canadian Armed Forces     ,21.16,40.56,56.0,https://www.jobbank.gc.ca/marketreport/wages-occupation/27129/BC;jsessionid=FC772C88E37DA812EDE799C627688190.jobsearch75
183,(41100),Judges     ,184.6153846153846,184.6153846153846,203.43589743589743,https://www.jobbank.gc.ca/marketreport/wages-occupation/4591/BC;jsessionid=FC772C88E37DA812EDE799C627688190.jobsearch75
184,(41101),Lawyers and Quebec notaries     ,26.5,58.0,100.96,https://www.jobbank.gc.ca/marketreport/wages-occupation/15837/BC;jsessionid=FC772C88E37DA812EDE799C627688190.jobsearch75
185,(41200),University professors and lecturers     ,30.58,55.13,86.54,https://www.jobbank.gc.ca/marketreport/wages-occupation/4707/BC;jsessionid=FC772C88E37DA812EDE799C627688190.jobsearch75
186,(41201),Post-secondary teaching and research assistants     ,17.4,24.04,38.46,https://www.jobbank.gc.ca/marketreport/wages-occupation/22848/BC;jsessionid=FC772C88E37DA812EDE799C627688190.jobsearch75
187,(41210),College and other vocational instructors     ,23.0,39.0,62.64,https://www.jobbank.gc.ca/marketreport/wages-occupation/22989/BC;jsessionid=FC772C88E37DA812EDE799C627688190.jobsearch75
188,(41220),Secondary school teachers     ,27.5,40.87,57.05,https://www.jobbank.gc.ca/marketreport/wages-occupation/15904/BC;jsessionid=FC772C88E37DA812EDE799C627688190.jobsearch75
189,(41221),Elementary school and kindergarten teachers     ,27.12,41.88,55.77,https://www.jobbank.gc.ca/marketreport/wages-occupation/2204/BC;jsessionid=FC772C88E37DA812EDE799C627688190.jobsearch75
190,(41300),Social workers     ,25.23,39.0,50.0,https://www.jobbank.gc.ca/marketreport/wages-occupation/23025/BC;jsessionid=FC772C88E37DA812EDE799C627688190.jobsearch75
191,(41301),"Therapists in counselling and related specialized therapies     ",23.0,33.0,46.28,https://www.jobbank.gc.ca/marketreport/wages-occupation/2266/BC;jsessionid=FC772C88E37DA812EDE799C627688190.jobsearch75
192,(41302),Religious leaders     ,17.4,25.71,45.0,https://www.jobbank.gc.ca/marketreport/wages-occupation/3780/BC;jsessionid=FC772C88E37DA812EDE799C627688190.jobsearch75
193,(41310),Police investigators and other investigative occupations     ,40.0,55.77,74.36,https://www.jobbank.gc.ca/marketreport/wages-occupation/21246/BC;jsessionid=FC772C88E37DA812EDE799C627688190.jobsearch75
194,(41311),Probation and parole officers     ,28.98,43.0,51.65,https://www.jobbank.gc.ca/marketreport/wages-occupation/3806/BC;jsessionid=FC772C88E37DA812EDE799C627688190.jobsearch75
195,(41320),Educational counsellors     ,26.0,35.1,51.92,https://www.jobbank.gc.ca/marketreport/wages-occupation/24445/BC;jsessionid=FC772C88E37DA812EDE799C627688190.jobsearch75
196,(41321),Career development practitioners and career counsellors (except education)     ,23.08,28.0,35.28,https://www.jobbank.gc.ca/marketreport/wages-occupation/5160/BC;jsessionid=FC772C88E37DA812EDE799C627688190.jobsearch75
197,(41400),"Natural and applied science policy researchers, consultants and program officers     ",29.0,39.49,53.57,https://www.jobbank.gc.ca/marketreport/wages-occupation/3855/BC;jsessionid=FC772C88E37DA812EDE799C627688190.jobsearch75
198,(41401),Economists and economic policy researchers and analysts     ,35.0,42.26,65.93,https://www.jobbank.gc.ca/marketreport/wages-occupation/227200/BC;jsessionid=FC772C88E37DA812EDE799C627688190.jobsearch75
199,(41402),Business development officers and market researchers and analysts     ,17.4,44.18,66.67,https://www.jobbank.gc.ca/marketreport/wages-occupation/3916/BC;jsessionid=FC772C88E37DA812EDE799C627688190.jobsearch75
200,(41403),"Social policy researchers, consultants and program officers     ",24.04,38.75,52.0,https://www.jobbank.gc.ca/marketreport/wages-occupation/4908/BC;jsessionid=FC772C88E37DA812EDE799C627688190.jobsearch75
201,(41404),"Health policy researchers, consultants and program officers     ",27.4,40.0,52.88,https://www.jobbank.gc.ca/marketreport/wages-occupation/23040/BC;jsessionid=FC772C88E37DA812EDE799C627688190.jobsearch75
202,(41405),"Education policy researchers, consultants and program officers     ",23.14,38.0,51.1,https://www.jobbank.gc.ca/marketreport/wages-occupation/296530/BC;jsessionid=FC772C88E37DA812EDE799C627688190.jobsearch75
203,(41406),"Recreation, sports and fitness policy researchers, consultants and program officers     ",25.64,30.0,37.17,https://www.jobbank.gc.ca/marketreport/wages-occupation/5002/BC;jsessionid=FC772C88E37DA812EDE799C627688190.jobsearch75
204,(41407),Program officers unique to government     ,33.78,43.75,66.05,https://www.jobbank.gc.ca/marketreport/wages-occupation/5047/BC;jsessionid=FC772C88E37DA812EDE799C627688190.jobsearch75
205,(41409),Other professional occupations in social science     ,17.4,31.6,53.14,https://www.jobbank.gc.ca/marketreport/wages-occupation/23085/BC;jsessionid=FC772C88E37DA812EDE799C627688190.jobsearch75
206,(42100),Police officers (except commissioned)     ,35.95,50.96,62.5,https://www.jobbank.gc.ca/marketreport/wages-occupation/21249/BC;jsessionid=FC772C88E37DA812EDE799C627688190.jobsearch75
207,(42101),Firefighters     ,34.0,48.7,61.81,https://www.jobbank.gc.ca/marketreport/wages-occupation/6279/BC;jsessionid=FC772C88E37DA812EDE799C627688190.jobsearch75
208,(42102),Specialized members of the Canadian Armed Forces     ,21.61,32.56,36.01,https://www.jobbank.gc.ca/marketreport/wages-occupation/296842/BC;jsessionid=FC772C88E37DA812EDE799C627688190.jobsearch75
209,(42200),Paralegals and related occupations     ,23.08,35.1,52.19,https://www.jobbank.gc.ca/marketreport/wages-occupation/16083/BC;jsessionid=FC772C88E37DA812EDE799C627688190.jobsearch75
210,(42201),Social and community service workers     ,20.09,25.0,32.16,https://www.jobbank.gc.ca/marketreport/wages-occupation/5112/BC;jsessionid=FC772C88E37DA812EDE799C627688190.jobsearch75
211,(42202),Early childhood educators and assistants     ,18.0,22.0,29.0,https://www.jobbank.gc.ca/marketreport/wages-occupation/5180/BC;jsessionid=FC772C88E37DA812EDE799C627688190.jobsearch75
212,(42203),Instructors of persons with disabilities     ,20.0,26.86,31.8,https://www.jobbank.gc.ca/marketreport/wages-occupation/5198/BC;jsessionid=FC772C88E37DA812EDE799C627688190.jobsearch75
213,(42204),Religion workers     ,17.4,20.0,27.0,https://www.jobbank.gc.ca/marketreport/wages-occupation/16102/BC;jsessionid=FC772C88E37DA812EDE799C627688190.jobsearch75
214,(43100),Elementary and secondary school teacher assistants     ,21.65,28.0,31.0,https://www.jobbank.gc.ca/marketreport/wages-occupation/16551/BC;jsessionid=FC772C88E37DA812EDE799C627688190.jobsearch75
215,(43109),Other instructors     ,17.4,20.0,30.77,https://www.jobbank.gc.ca/marketreport/wages-occupation/24558/BC;jsessionid=FC772C88E37DA812EDE799C627688190.jobsearch75
216,(43200),Sheriffs and bailiffs     ,28.13,33.68,42.6,https://www.jobbank.gc.ca/marketreport/wages-occupation/16473/BC;jsessionid=FC772C88E37DA812EDE799C627688190.jobsearch75
217,(43201),Correctional service officers     ,32.0,36.0,48.35,https://www.jobbank.gc.ca/marketreport/wages-occupation/6670/BC;jsessionid=FC772C88E37DA812EDE799C627688190.jobsearch75
218,(43202),By-law enforcement and other regulatory officers      ,27.0,38.01,46.0,https://www.jobbank.gc.ca/marketreport/wages-occupation/6709/BC;jsessionid=FC772C88E37DA812EDE799C627688190.jobsearch75
219,(43203),"Border services, customs, and immigration officers      ",28.15,36.0,53.7,https://www.jobbank.gc.ca/marketreport/wages-occupation/607/BC;jsessionid=FC772C88E37DA812EDE799C627688190.jobsearch75
220,(43204),Operations Members of the Canadian Armed Forces     ,24.98,34.33,46.73,https://www.jobbank.gc.ca/marketreport/wages-occupation/296388/BC;jsessionid=FC772C88E37DA812EDE799C627688190.jobsearch75
221,(44100),Home child care providers     ,17.4,18.0,28.0,https://www.jobbank.gc.ca/marketreport/wages-occupation/24770/BC;jsessionid=FC772C88E37DA812EDE799C627688190.jobsearch75
222,(44101),"Home support workers, caregivers and related occupations      ",18.0,23.0,27.0,https://www.jobbank.gc.ca/marketreport/wages-occupation/20676/BC;jsessionid=FC772C88E37DA812EDE799C627688190.jobsearch75
223,(44200),Primary combat members of the Canadian Armed Forces     ,23.37,35.01,49.35,https://www.jobbank.gc.ca/marketreport/wages-occupation/227318/BC;jsessionid=FC772C88E37DA812EDE799C627688190.jobsearch75
224,(45100),"Student monitors, crossing guards and related occupations     ",17.4,25.0,31.75,https://www.jobbank.gc.ca/marketreport/wages-occupation/16554/BC;jsessionid=FC772C88E37DA812EDE799C627688190.jobsearch75
225,(50010),"Library, archive, museum and art gallery managers     ",17.4,35.6,59.17,https://www.jobbank.gc.ca/marketreport/wages-occupation/12279/BC;jsessionid=FC772C88E37DA812EDE799C627688190.jobsearch75
226,(50011),"Managers - publishing, motion pictures, broadcasting and performing arts     ",23.78,38.0,60.0,https://www.jobbank.gc.ca/marketreport/wages-occupation/17510/BC;jsessionid=FC772C88E37DA812EDE799C627688190.jobsearch75
227,(50012),"Recreation, sports and fitness program and service directors     ",19.23,38.46,75.0,https://www.jobbank.gc.ca/marketreport/wages-occupation/1994/BC;jsessionid=FC772C88E37DA812EDE799C627688190.jobsearch75
228,(51100),Librarians     ,30.0,38.0,60.44,https://www.jobbank.gc.ca/marketreport/wages-occupation/5263/BC;jsessionid=FC772C88E37DA812EDE799C627688190.jobsearch75
229,(51101),Conservators and curators     ,17.4,32.69,45.45,https://www.jobbank.gc.ca/marketreport/wages-occupation/5281/BC;jsessionid=FC772C88E37DA812EDE799C627688190.jobsearch75
230,(51102),Archivists     ,0.0,37.67,0.0,https://www.jobbank.gc.ca/marketreport/wages-occupation/16130/BC;jsessionid=FC772C88E37DA812EDE799C627688190.jobsearch75
231,(51110),Editors     ,20.0,32.69,50.67,https://www.jobbank.gc.ca/marketreport/wages-occupation/5332/BC;jsessionid=FC772C88E37DA812EDE799C627688190.jobsearch75
232,(51111),Authors and writers (except technical)     ,22.0,35.67,50.0,https://www.jobbank.gc.ca/marketreport/wages-occupation/296595/BC;jsessionid=FC772C88E37DA812EDE799C627688190.jobsearch75
233,(51112),Technical writers     ,24.91,38.68,58.87,https://www.jobbank.gc.ca/marketreport/wages-occupation/20923/BC;jsessionid=FC772C88E37DA812EDE799C627688190.jobsearch75
234,(51113),Journalists     ,17.4,29.1,43.27,https://www.jobbank.gc.ca/marketreport/wages-occupation/16161/BC;jsessionid=FC772C88E37DA812EDE799C627688190.jobsearch75
235,(51114),"Translators, terminologists and interpreters     ",19.0,28.75,41.49,https://www.jobbank.gc.ca/marketreport/wages-occupation/24473/BC;jsessionid=FC772C88E37DA812EDE799C627688190.jobsearch75
236,(51120),"Producers, directors, choreographers and related occupations     ",22.5,38.5,64.5,https://www.jobbank.gc.ca/marketreport/wages-occupation/7910/BC;jsessionid=FC772C88E37DA812EDE799C627688190.jobsearch75
237,(51121),"Conductors, composers and arrangers     ",0.0,22.974358974358974,0.0,https://www.jobbank.gc.ca/marketreport/wages-occupation/7929/BC;jsessionid=FC772C88E37DA812EDE799C627688190.jobsearch75
238,(51122),Musicians and singers     ,18.96051282051282,18.96051282051282,38.97435897435897,https://www.jobbank.gc.ca/marketreport/wages-occupation/7974/BC;jsessionid=FC772C88E37DA812EDE799C627688190.jobsearch75
239,(52100),Library and public archive technicians     ,20.2,29.93,35.0,https://www.jobbank.gc.ca/marketreport/wages-occupation/5498/BC;jsessionid=FC772C88E37DA812EDE799C627688190.jobsearch75
240,(52110),Film and video camera operators     ,19.96,35.87,57.9,https://www.jobbank.gc.ca/marketreport/wages-occupation/5533/BC;jsessionid=FC772C88E37DA812EDE799C627688190.jobsearch75
241,(52111),Graphic arts technicians     ,25.0,41.34,65.0,https://www.jobbank.gc.ca/marketreport/wages-occupation/21017/BC;jsessionid=FC772C88E37DA812EDE799C627688190.jobsearch75
242,(52112),Broadcast technicians     ,0.0,37.27,0.0,https://www.jobbank.gc.ca/marketreport/wages-occupation/16280/BC;jsessionid=FC772C88E37DA812EDE799C627688190.jobsearch75
243,(52113),Audio and video recording technicians     ,25.0,35.16,45.57,https://www.jobbank.gc.ca/marketreport/wages-occupation/5570/BC;jsessionid=FC772C88E37DA812EDE799C627688190.jobsearch75
244,(52114),Announcers and other broadcasters     ,17.4,27.27,60.2,https://www.jobbank.gc.ca/marketreport/wages-occupation/16304/BC;jsessionid=FC772C88E37DA812EDE799C627688190.jobsearch75
245,(52119),"Other technical and coordinating occupations in motion pictures, broadcasting and the performing arts     ",24.94,34.19,41.31,https://www.jobbank.gc.ca/marketreport/wages-occupation/21066/BC;jsessionid=FC772C88E37DA812EDE799C627688190.jobsearch75
246,(52120),Graphic designers and illustrators     ,22.12,31.25,59.0,https://www.jobbank.gc.ca/marketreport/wages-occupation/5747/BC;jsessionid=FC772C88E37DA812EDE799C627688190.jobsearch75
247,(52121),Interior designers and interior decorators     ,20.0,31.25,64.18,https://www.jobbank.gc.ca/marketreport/wages-occupation/5769/BC;jsessionid=FC772C88E37DA812EDE799C627688190.jobsearch75
248,(53100),"Registrars, restorers, interpreters and other occupations related to museum and art galleries     ",18.0,24.0,33.0,https://www.jobbank.gc.ca/marketreport/wages-occupation/16257/BC;jsessionid=FC772C88E37DA812EDE799C627688190.jobsearch75
249,(53110),Photographers     ,18.0,21.21,36.79,https://www.jobbank.gc.ca/marketreport/wages-occupation/5514/BC;jsessionid=FC772C88E37DA812EDE799C627688190.jobsearch75
250,(53111),"Motion pictures, broadcasting, photography and performing arts assistants and operators     ",17.4,28.0,39.67,https://www.jobbank.gc.ca/marketreport/wages-occupation/5630/BC;jsessionid=FC772C88E37DA812EDE799C627688190.jobsearch75
251,(53120),Dancers     ,25.0,36.03,50.0,https://www.jobbank.gc.ca/marketreport/wages-occupation/8013/BC;jsessionid=FC772C88E37DA812EDE799C627688190.jobsearch75
252,(53121),"Actors, comedians and circus performers     ",17.4,26.26,42.84,https://www.jobbank.gc.ca/marketreport/wages-occupation/16205/BC;jsessionid=FC772C88E37DA812EDE799C627688190.jobsearch75
253,(53122),"Painters, sculptors and other visual artists     ",23.0,38.98,45.37,https://www.jobbank.gc.ca/marketreport/wages-occupation/8055/BC;jsessionid=FC772C88E37DA812EDE799C627688190.jobsearch75
254,(53123),"Theatre, fashion, exhibit and other creative designers     ",30.0,34.0,45.0,https://www.jobbank.gc.ca/marketreport/wages-occupation/5813/BC;jsessionid=FC772C88E37DA812EDE799C627688190.jobsearch75
255,(53124),Artisans and craftspersons     ,17.4,22.5,33.5,https://www.jobbank.gc.ca/marketreport/wages-occupation/5857/BC;jsessionid=FC772C88E37DA812EDE799C627688190.jobsearch75
256,(53200),Athletes     ,20.0,28.0,61.42,https://www.jobbank.gc.ca/marketreport/wages-occupation/21104/BC;jsessionid=FC772C88E37DA812EDE799C627688190.jobsearch75
257,(53201),Coaches     ,19.22,26.0,45.0,https://www.jobbank.gc.ca/marketreport/wages-occupation/5965/BC;jsessionid=FC772C88E37DA812EDE799C627688190.jobsearch75
258,(54100),"Program leaders and instructors in recreation, sport and fitness     ",17.4,23.0,37.0,https://www.jobbank.gc.ca/marketreport/wages-occupation/21211/BC;jsessionid=FC772C88E37DA812EDE799C627688190.jobsearch75
259,(60010),Corporate sales managers     ,25.0,51.92,96.15,https://www.jobbank.gc.ca/marketreport/wages-occupation/26635/BC;jsessionid=FC772C88E37DA812EDE799C627688190.jobsearch75
260,(60020),Retail and wholesale trade managers     ,20.83,40.87,78.0,https://www.jobbank.gc.ca/marketreport/wages-occupation/296851/BC;jsessionid=FC772C88E37DA812EDE799C627688190.jobsearch75
261,(60030),Restaurant and food service managers     ,18.0,26.44,51.28,https://www.jobbank.gc.ca/marketreport/wages-occupation/297065/BC;jsessionid=FC772C88E37DA812EDE799C627688190.jobsearch75
262,(60031),Accommodation service managers     ,19.23,32.97,70.67,https://www.jobbank.gc.ca/marketreport/wages-occupation/12377/BC;jsessionid=FC772C88E37DA812EDE799C627688190.jobsearch75
263,(60040),Managers in customer and personal services     ,21.23,28.85,72.12,https://www.jobbank.gc.ca/marketreport/wages-occupation/2109/BC;jsessionid=FC772C88E37DA812EDE799C627688190.jobsearch75
264,(62010),Retail sales supervisors     ,17.4,23.0,35.0,https://www.jobbank.gc.ca/marketreport/wages-occupation/16400/BC;jsessionid=FC772C88E37DA812EDE799C627688190.jobsearch75
265,(62020),Food service supervisors     ,17.4,20.0,27.78,https://www.jobbank.gc.ca/marketreport/wages-occupation/6005/BC;jsessionid=FC772C88E37DA812EDE799C627688190.jobsearch75
266,(62021),Executive housekeepers     ,17.4,21.0,27.0,https://www.jobbank.gc.ca/marketreport/wages-occupation/6014/BC;jsessionid=FC772C88E37DA812EDE799C627688190.jobsearch75
267,(62022),"Accommodation, travel, tourism and related services supervisors     ",19.0,24.52,35.0,https://www.jobbank.gc.ca/marketreport/wages-occupation/26958/BC;jsessionid=FC772C88E37DA812EDE799C627688190.jobsearch75
268,(62023),Customer and information services supervisors     ,20.0,34.62,42.0,https://www.jobbank.gc.ca/marketreport/wages-occupation/26898/BC;jsessionid=FC772C88E37DA812EDE799C627688190.jobsearch75
269,(62024),Cleaning supervisors     ,18.0,24.04,34.62,https://www.jobbank.gc.ca/marketreport/wages-occupation/16408/BC;jsessionid=FC772C88E37DA812EDE799C627688190.jobsearch75
270,(62029),Other services supervisors     ,17.4,23.0,33.0,https://www.jobbank.gc.ca/marketreport/wages-occupation/296633/BC;jsessionid=FC772C88E37DA812EDE799C627688190.jobsearch75
271,(62100),Technical sales specialists - wholesale trade     ,20.0,38.46,60.92,https://www.jobbank.gc.ca/marketreport/wages-occupation/6156/BC;jsessionid=FC772C88E37DA812EDE799C627688190.jobsearch75
272,(62101),Retail and wholesale buyers     ,17.4,27.0,43.27,https://www.jobbank.gc.ca/marketreport/wages-occupation/6205/BC;jsessionid=FC772C88E37DA812EDE799C627688190.jobsearch75
273,(62200),Chefs     ,17.4,23.0,31.25,https://www.jobbank.gc.ca/marketreport/wages-occupation/16420/BC;jsessionid=FC772C88E37DA812EDE799C627688190.jobsearch75
274,(62201),Funeral directors and embalmers     ,21.24,30.69,45.37,https://www.jobbank.gc.ca/marketreport/wages-occupation/6296/BC;jsessionid=FC772C88E37DA812EDE799C627688190.jobsearch75
275,(63100),Insurance agents and brokers     ,21.0,29.77,43.96,https://www.jobbank.gc.ca/marketreport/wages-occupation/6175/BC;jsessionid=FC772C88E37DA812EDE799C627688190.jobsearch75
276,(63101),Real estate agents and salespersons     ,18.96051282051282,29.94871794871795,81.53846153846153,https://www.jobbank.gc.ca/marketreport/wages-occupation/6181/BC;jsessionid=FC772C88E37DA812EDE799C627688190.jobsearch75
277,(63102),Financial sales representatives     ,20.0,29.5,48.56,https://www.jobbank.gc.ca/marketreport/wages-occupation/24825/BC;jsessionid=FC772C88E37DA812EDE799C627688190.jobsearch75
278,(63200),Cooks     ,17.4,19.0,25.0,https://www.jobbank.gc.ca/marketreport/wages-occupation/6225/BC;jsessionid=FC772C88E37DA812EDE799C627688190.jobsearch75
279,(63201),Butchers - retail and wholesale     ,17.4,23.0,23.0,https://www.jobbank.gc.ca/marketreport/wages-occupation/6257/BC;jsessionid=FC772C88E37DA812EDE799C627688190.jobsearch75
280,(63202),Bakers     ,17.4,18.0,27.4,https://www.jobbank.gc.ca/marketreport/wages-occupation/22246/BC;jsessionid=FC772C88E37DA812EDE799C627688190.jobsearch75
281,(63210),Hairstylists and barbers     ,17.4,20.0,37.27,https://www.jobbank.gc.ca/marketreport/wages-occupation/16445/BC;jsessionid=FC772C88E37DA812EDE799C627688190.jobsearch75
282,(63211),"Estheticians, electrologists and related occupations     ",17.4,20.0,47.5,https://www.jobbank.gc.ca/marketreport/wages-occupation/14043/BC;jsessionid=FC772C88E37DA812EDE799C627688190.jobsearch75
283,(64100),Retail salespersons and visual merchandisers     ,17.4,18.0,32.44,https://www.jobbank.gc.ca/marketreport/wages-occupation/21328/BC;jsessionid=FC772C88E37DA812EDE799C627688190.jobsearch75
284,(64101),Sales and account representatives - wholesale trade (non-technical)     ,19.5,33.0,54.67,https://www.jobbank.gc.ca/marketreport/wages-occupation/23181/BC;jsessionid=FC772C88E37DA812EDE799C627688190.jobsearch75
285,(64200),"Tailors, dressmakers, furriers and milliners     ",17.4,20.48,33.24,https://www.jobbank.gc.ca/marketreport/wages-occupation/21607/BC;jsessionid=FC772C88E37DA812EDE799C627688190.jobsearch75
286,(64201),"Image, social and other personal consultants     ",0.0,20.1,0.0,https://www.jobbank.gc.ca/marketreport/wages-occupation/14018/BC;jsessionid=FC772C88E37DA812EDE799C627688190.jobsearch75
287,(64300),Matres d'htel and hosts/hostesses     ,17.4,18.0,26.0,https://www.jobbank.gc.ca/marketreport/wages-occupation/6635/BC;jsessionid=FC772C88E37DA812EDE799C627688190.jobsearch75
288,(64301),Bartenders     ,17.4,20.0,30.0,https://www.jobbank.gc.ca/marketreport/wages-occupation/16455/BC;jsessionid=FC772C88E37DA812EDE799C627688190.jobsearch75
289,(64310),Travel counsellors     ,18.0,22.69,28.95,https://www.jobbank.gc.ca/marketreport/wages-occupation/6300/BC;jsessionid=FC772C88E37DA812EDE799C627688190.jobsearch75
290,(64311),Pursers and flight attendants     ,25.0,34.55,64.0,https://www.jobbank.gc.ca/marketreport/wages-occupation/20655/BC;jsessionid=FC772C88E37DA812EDE799C627688190.jobsearch75
291,(64312),Airline ticket and service agents     ,18.0,22.0,41.2,https://www.jobbank.gc.ca/marketreport/wages-occupation/6312/BC;jsessionid=FC772C88E37DA812EDE799C627688190.jobsearch75
292,(64313),"Ground and water transport ticket agents, cargo service representatives and related clerks     ",17.4,22.7,29.14,https://www.jobbank.gc.ca/marketreport/wages-occupation/6540/BC;jsessionid=FC772C88E37DA812EDE799C627688190.jobsearch75
293,(64314),Hotel front desk clerks     ,17.4,19.5,28.5,https://www.jobbank.gc.ca/marketreport/wages-occupation/6545/BC;jsessionid=FC772C88E37DA812EDE799C627688190.jobsearch75
294,(64320),Tour and travel guides     ,17.4,21.55,30.0,https://www.jobbank.gc.ca/marketreport/wages-occupation/6563/BC;jsessionid=FC772C88E37DA812EDE799C627688190.jobsearch75
295,(64321),Casino workers     ,17.4,22.6,30.0,https://www.jobbank.gc.ca/marketreport/wages-occupation/6610/BC;jsessionid=FC772C88E37DA812EDE799C627688190.jobsearch75
296,(64322),Outdoor sport and recreational guides     ,18.5,24.73,36.88,https://www.jobbank.gc.ca/marketreport/wages-occupation/6599/BC;jsessionid=FC772C88E37DA812EDE799C627688190.jobsearch75
297,(64400),Customer services representatives - financial institutions     ,18.0,21.49,28.57,https://www.jobbank.gc.ca/marketreport/wages-occupation/14140/BC;jsessionid=FC772C88E37DA812EDE799C627688190.jobsearch75
298,(64401),Postal services representatives     ,17.4,27.0,28.0,https://www.jobbank.gc.ca/marketreport/wages-occupation/296479/BC;jsessionid=FC772C88E37DA812EDE799C627688190.jobsearch75
299,(64409),Other customer and information services representatives     ,17.4,24.0,33.0,https://www.jobbank.gc.ca/marketreport/wages-occupation/15205/BC;jsessionid=FC772C88E37DA812EDE799C627688190.jobsearch75
300,(64410),Security guards and related security service occupations     ,17.4,21.0,31.25,https://www.jobbank.gc.ca/marketreport/wages-occupation/25545/BC;jsessionid=FC772C88E37DA812EDE799C627688190.jobsearch75
301,(65100),Cashiers     ,17.4,17.4,20.38,https://www.jobbank.gc.ca/marketreport/wages-occupation/24143/BC;jsessionid=FC772C88E37DA812EDE799C627688190.jobsearch75
302,(65101),Service station attendants     ,17.4,17.4,28.9,https://www.jobbank.gc.ca/marketreport/wages-occupation/17200/BC;jsessionid=FC772C88E37DA812EDE799C627688190.jobsearch75
303,(65102),"Store shelf stockers, clerks and order fillers     ",17.4,17.4,22.0,https://www.jobbank.gc.ca/marketreport/wages-occupation/14273/BC;jsessionid=FC772C88E37DA812EDE799C627688190.jobsearch75
304,(65109),Other sales related occupations     ,17.4,17.4,28.85,https://www.jobbank.gc.ca/marketreport/wages-occupation/2870/BC;jsessionid=FC772C88E37DA812EDE799C627688190.jobsearch75
305,(65200),Food and beverage servers     ,17.4,20.0,30.0,https://www.jobbank.gc.ca/marketreport/wages-occupation/6641/BC;jsessionid=FC772C88E37DA812EDE799C627688190.jobsearch75
306,(65201),"Food counter attendants, kitchen helpers and related support occupations     ",17.4,17.4,21.94,https://www.jobbank.gc.ca/marketreport/wages-occupation/17215/BC;jsessionid=FC772C88E37DA812EDE799C627688190.jobsearch75
307,(65202),Meat cutters and fishmongers  retail and wholesale     ,17.4,23.8,32.42,https://www.jobbank.gc.ca/marketreport/wages-occupation/296767/BC;jsessionid=FC772C88E37DA812EDE799C627688190.jobsearch75
308,(65210),"Support occupations in accommodation, travel and facilities set-up services     ",17.4,21.5,35.45,https://www.jobbank.gc.ca/marketreport/wages-occupation/297423/BC;jsessionid=FC772C88E37DA812EDE799C627688190.jobsearch75
309,(65211),"Operators and attendants in amusement, recreation and sport     ",17.4,18.8,30.0,https://www.jobbank.gc.ca/marketreport/wages-occupation/779/BC;jsessionid=FC772C88E37DA812EDE799C627688190.jobsearch75
310,(65220),Pet groomers and animal care workers     ,17.4,18.0,25.0,https://www.jobbank.gc.ca/marketreport/wages-occupation/14237/BC;jsessionid=FC772C88E37DA812EDE799C627688190.jobsearch75
311,(65229),Other support occupations in personal services     ,0.0,18.96051282051282,0.0,https://www.jobbank.gc.ca/marketreport/wages-occupation/296084/BC;jsessionid=FC772C88E37DA812EDE799C627688190.jobsearch75
312,(65310),Light duty cleaners     ,17.4,20.0,25.28,https://www.jobbank.gc.ca/marketreport/wages-occupation/14309/BC;jsessionid=FC772C88E37DA812EDE799C627688190.jobsearch75
313,(65311),Specialized cleaners     ,17.4,22.0,28.0,https://www.jobbank.gc.ca/marketreport/wages-occupation/14381/BC;jsessionid=FC772C88E37DA812EDE799C627688190.jobsearch75
314,(65312),"Janitors, caretakers and heavy-duty cleaners     ",17.4,23.0,31.31,https://www.jobbank.gc.ca/marketreport/wages-occupation/14383/BC;jsessionid=FC772C88E37DA812EDE799C627688190.jobsearch75
315,(65320),"Dry cleaning, laundry and related occupations     ",17.4,19.82,24.0,https://www.jobbank.gc.ca/marketreport/wages-occupation/17309/BC;jsessionid=FC772C88E37DA812EDE799C627688190.jobsearch75
316,(65329),Other service support occupations     ,17.4,17.5,25.0,https://www.jobbank.gc.ca/marketreport/wages-occupation/14478/BC;jsessionid=FC772C88E37DA812EDE799C627688190.jobsearch75
317,(70010),Construction managers     ,30.0,48.08,74.52,https://www.jobbank.gc.ca/marketreport/wages-occupation/24325/BC;jsessionid=FC772C88E37DA812EDE799C627688190.jobsearch75
318,(70011),Home building and renovation managers     ,18.96051282051282,26.666666666666668,55.38461538461539,https://www.jobbank.gc.ca/marketreport/wages-occupation/297100/BC;jsessionid=FC772C88E37DA812EDE799C627688190.jobsearch75
319,(70012),Facility operation and maintenance managers     ,25.2,43.75,68.86,https://www.jobbank.gc.ca/marketreport/wages-occupation/24374/BC;jsessionid=FC772C88E37DA812EDE799C627688190.jobsearch75
320,(70020),Managers in transportation     ,31.25,57.44,73.08,https://www.jobbank.gc.ca/marketreport/wages-occupation/2164/BC;jsessionid=FC772C88E37DA812EDE799C627688190.jobsearch75
321,(70021),Postal and courier services managers     ,17.4,31.08,53.75,https://www.jobbank.gc.ca/marketreport/wages-occupation/14614/BC;jsessionid=FC772C88E37DA812EDE799C627688190.jobsearch75
322,(72010),"Contractors and supervisors, machining, metal forming, shaping and erecting trades and related occupations     ",27.0,43.75,57.99,https://www.jobbank.gc.ca/marketreport/wages-occupation/26630/BC;jsessionid=FC772C88E37DA812EDE799C627688190.jobsearch75
323,(72011),"Contractors and supervisors, electrical trades and telecommunications occupations     ",27.5,41.6,55.49,https://www.jobbank.gc.ca/marketreport/wages-occupation/24178/BC;jsessionid=FC772C88E37DA812EDE799C627688190.jobsearch75
324,(72012),"Contractors and supervisors, pipefitting trades     ",31.73,40.0,66.97,https://www.jobbank.gc.ca/marketreport/wages-occupation/14521/BC;jsessionid=FC772C88E37DA812EDE799C627688190.jobsearch75
325,(72013),"Contractors and supervisors, carpentry trades     ",27.0,36.0,49.0,https://www.jobbank.gc.ca/marketreport/wages-occupation/14533/BC;jsessionid=FC772C88E37DA812EDE799C627688190.jobsearch75
326,(72014),"Contractors and supervisors, other construction trades, installers, repairers and servicers     ",22.0,33.75,42.0,https://www.jobbank.gc.ca/marketreport/wages-occupation/295864/BC;jsessionid=FC772C88E37DA812EDE799C627688190.jobsearch75
327,(72020),"Contractors and supervisors, mechanic trades     ",25.0,42.0,57.69,https://www.jobbank.gc.ca/marketreport/wages-occupation/6784/BC;jsessionid=FC772C88E37DA812EDE799C627688190.jobsearch75
328,(72021),"Contractors and supervisors, heavy equipment operator crews     ",27.0,39.8,57.69,https://www.jobbank.gc.ca/marketreport/wages-occupation/16631/BC;jsessionid=FC772C88E37DA812EDE799C627688190.jobsearch75
329,(72022),"Supervisors, printing and related occupations     ",23.0,27.0,38.46,https://www.jobbank.gc.ca/marketreport/wages-occupation/6922/BC;jsessionid=FC772C88E37DA812EDE799C627688190.jobsearch75
330,(72023),"Supervisors, railway transport operations     ",0.0,46.34,0.0,https://www.jobbank.gc.ca/marketreport/wages-occupation/7095/BC;jsessionid=FC772C88E37DA812EDE799C627688190.jobsearch75
331,(72024),"Supervisors, motor transport and other ground transit operators     ",24.0,33.65,53.85,https://www.jobbank.gc.ca/marketreport/wages-occupation/7128/BC;jsessionid=FC772C88E37DA812EDE799C627688190.jobsearch75
332,(72025),"Supervisors, mail and message distribution occupations     ",21.0,26.0,47.0,https://www.jobbank.gc.ca/marketreport/wages-occupation/448/BC;jsessionid=FC772C88E37DA812EDE799C627688190.jobsearch75
333,(72100),Machinists and machining and tooling inspectors     ,21.0,37.5,48.0,https://www.jobbank.gc.ca/marketreport/wages-occupation/16851/BC;jsessionid=FC772C88E37DA812EDE799C627688190.jobsearch75
334,(72101),Tool and die makers     ,0.0,36.57,0.0,https://www.jobbank.gc.ca/marketreport/wages-occupation/7182/BC;jsessionid=FC772C88E37DA812EDE799C627688190.jobsearch75
335,(72102),Sheet metal workers     ,22.72,30.94,43.44,https://www.jobbank.gc.ca/marketreport/wages-occupation/4771/BC;jsessionid=FC772C88E37DA812EDE799C627688190.jobsearch75
336,(72103),Boilermakers     ,44.63,49.1,55.31,https://www.jobbank.gc.ca/marketreport/wages-occupation/4792/BC;jsessionid=FC772C88E37DA812EDE799C627688190.jobsearch75
337,(72104),Structural metal and platework fabricators and fitters     ,23.0,33.0,45.0,https://www.jobbank.gc.ca/marketreport/wages-occupation/4838/BC;jsessionid=FC772C88E37DA812EDE799C627688190.jobsearch75
338,(72105),Ironworkers     ,26.0,37.58,49.5,https://www.jobbank.gc.ca/marketreport/wages-occupation/6366/BC;jsessionid=FC772C88E37DA812EDE799C627688190.jobsearch75
339,(72106),Welders and related machine operators     ,23.85,32.0,45.5,https://www.jobbank.gc.ca/marketreport/wages-occupation/23250/BC;jsessionid=FC772C88E37DA812EDE799C627688190.jobsearch75
340,(72200),Electricians (except industrial and power system)     ,20.0,31.66,45.5,https://www.jobbank.gc.ca/marketreport/wages-occupation/20678/BC;jsessionid=FC772C88E37DA812EDE799C627688190.jobsearch75
341,(72201),Industrial electricians     ,30.0,45.0,51.0,https://www.jobbank.gc.ca/marketreport/wages-occupation/16887/BC;jsessionid=FC772C88E37DA812EDE799C627688190.jobsearch75
342,(72202),Power system electricians     ,26.96,48.82,71.71,https://www.jobbank.gc.ca/marketreport/wages-occupation/7205/BC;jsessionid=FC772C88E37DA812EDE799C627688190.jobsearch75
343,(72203),Electrical power line and cable workers     ,40.0,52.37,63.0,https://www.jobbank.gc.ca/marketreport/wages-occupation/7220/BC;jsessionid=FC772C88E37DA812EDE799C627688190.jobsearch75
344,(72204),Telecommunications line and cable installers and repairers     ,30.0,37.0,62.5,https://www.jobbank.gc.ca/marketreport/wages-occupation/16938/BC;jsessionid=FC772C88E37DA812EDE799C627688190.jobsearch75
345,(72205),Telecommunications equipment installation and cable television service technicians      ,21.0,36.0,45.0,https://www.jobbank.gc.ca/marketreport/wages-occupation/16957/BC;jsessionid=FC772C88E37DA812EDE799C627688190.jobsearch75
346,(72300),Plumbers     ,21.0,30.0,49.5,https://www.jobbank.gc.ca/marketreport/wages-occupation/4747/BC;jsessionid=FC772C88E37DA812EDE799C627688190.jobsearch75
347,(72301),"Steamfitters, pipefitters and sprinkler system installers     ",25.0,40.52,53.65,https://www.jobbank.gc.ca/marketreport/wages-occupation/21485/BC;jsessionid=FC772C88E37DA812EDE799C627688190.jobsearch75
348,(72302),Gas fitters     ,31.0,37.75,45.16,https://www.jobbank.gc.ca/marketreport/wages-occupation/16971/BC;jsessionid=FC772C88E37DA812EDE799C627688190.jobsearch75
349,(72310),Carpenters     ,21.5,30.25,40.89,https://www.jobbank.gc.ca/marketreport/wages-occupation/6388/BC;jsessionid=FC772C88E37DA812EDE799C627688190.jobsearch75
350,(72311),Cabinetmakers     ,20.0,25.0,32.0,https://www.jobbank.gc.ca/marketreport/wages-occupation/16991/BC;jsessionid=FC772C88E37DA812EDE799C627688190.jobsearch75
351,(72320),Bricklayers     ,26.0,37.0,48.38,https://www.jobbank.gc.ca/marketreport/wages-occupation/6438/BC;jsessionid=FC772C88E37DA812EDE799C627688190.jobsearch75
352,(72321),Insulators     ,22.0,32.65,43.83,https://www.jobbank.gc.ca/marketreport/wages-occupation/17074/BC;jsessionid=FC772C88E37DA812EDE799C627688190.jobsearch75
353,(72400),Construction millwrights and industrial mechanics     ,26.5,40.0,53.0,https://www.jobbank.gc.ca/marketreport/wages-occupation/14719/BC;jsessionid=FC772C88E37DA812EDE799C627688190.jobsearch75
354,(72401),Heavy-duty equipment mechanics     ,27.23,43.5,55.0,https://www.jobbank.gc.ca/marketreport/wages-occupation/7480/BC;jsessionid=FC772C88E37DA812EDE799C627688190.jobsearch75
355,(72402),"Heating, refrigeration and air conditioning mechanics     ",19.75,38.5,53.78,https://www.jobbank.gc.ca/marketreport/wages-occupation/7509/BC;jsessionid=FC772C88E37DA812EDE799C627688190.jobsearch75
356,(72403),Railway carmen/women     ,22.0,43.75,54.29,https://www.jobbank.gc.ca/marketreport/wages-occupation/7538/BC;jsessionid=FC772C88E37DA812EDE799C627688190.jobsearch75
357,(72404),Aircraft mechanics and aircraft inspectors     ,24.0,35.0,45.0,https://www.jobbank.gc.ca/marketreport/wages-occupation/7602/BC;jsessionid=FC772C88E37DA812EDE799C627688190.jobsearch75
358,(72406),Elevator constructors and mechanics     ,32.0,52.5,62.0,https://www.jobbank.gc.ca/marketreport/wages-occupation/723/BC;jsessionid=FC772C88E37DA812EDE799C627688190.jobsearch75
359,(72410),"Automotive service technicians, truck and bus mechanics and mechanical repairers     ",20.0,35.0,45.0,https://www.jobbank.gc.ca/marketreport/wages-occupation/14857/BC;jsessionid=FC772C88E37DA812EDE799C627688190.jobsearch75
360,(72411),"Auto body collision, refinishing and glass technicians and damage repair estimators     ",20.0,28.85,38.46,https://www.jobbank.gc.ca/marketreport/wages-occupation/7671/BC;jsessionid=FC772C88E37DA812EDE799C627688190.jobsearch75
361,(72421),Appliance servicers and repairers     ,18.2,26.0,37.3,https://www.jobbank.gc.ca/marketreport/wages-occupation/24751/BC;jsessionid=FC772C88E37DA812EDE799C627688190.jobsearch75
362,(72422),Electrical mechanics     ,21.9,38.42,57.15,https://www.jobbank.gc.ca/marketreport/wages-occupation/7776/BC;jsessionid=FC772C88E37DA812EDE799C627688190.jobsearch75
363,(72423),"Motorcycle, all-terrain vehicle and other related mechanics     ",24.0,35.0,40.0,https://www.jobbank.gc.ca/marketreport/wages-occupation/14966/BC;jsessionid=FC772C88E37DA812EDE799C627688190.jobsearch75
364,(72429),Other small engine and small equipment repairers     ,19.0,25.0,34.8,https://www.jobbank.gc.ca/marketreport/wages-occupation/21584/BC;jsessionid=FC772C88E37DA812EDE799C627688190.jobsearch75
365,(72500),Crane operators     ,25.75,41.0,53.0,https://www.jobbank.gc.ca/marketreport/wages-occupation/7891/BC;jsessionid=FC772C88E37DA812EDE799C627688190.jobsearch75
366,(72600),"Air pilots, flight engineers and flying instructors     ",29.0,57.69,100.0,https://www.jobbank.gc.ca/marketreport/wages-occupation/18175/BC;jsessionid=FC772C88E37DA812EDE799C627688190.jobsearch75
367,(72601),Air traffic controllers and related occupations     ,27.71,68.78,117.33,https://www.jobbank.gc.ca/marketreport/wages-occupation/296775/BC;jsessionid=FC772C88E37DA812EDE799C627688190.jobsearch75
368,(72602),"Deck officers, water transport     ",25.0,40.06,54.0,https://www.jobbank.gc.ca/marketreport/wages-occupation/3660/BC;jsessionid=FC772C88E37DA812EDE799C627688190.jobsearch75
369,(72603),"Engineer officers, water transport     ",25.0,42.5,55.6,https://www.jobbank.gc.ca/marketreport/wages-occupation/3731/BC;jsessionid=FC772C88E37DA812EDE799C627688190.jobsearch75
370,(72604),Railway traffic controllers and marine traffic regulators     ,0.0,44.03,0.0,https://www.jobbank.gc.ca/marketreport/wages-occupation/18183/BC;jsessionid=FC772C88E37DA812EDE799C627688190.jobsearch75
371,(72999),Other technical trades and related occupations     ,17.4,32.02,51.6,https://www.jobbank.gc.ca/marketreport/wages-occupation/26814/BC;jsessionid=FC772C88E37DA812EDE799C627688190.jobsearch75
372,(73100),Concrete finishers     ,25.0,33.0,41.76,https://www.jobbank.gc.ca/marketreport/wages-occupation/6481/BC;jsessionid=FC772C88E37DA812EDE799C627688190.jobsearch75
373,(73101),Tilesetters     ,20.5,27.0,35.5,https://www.jobbank.gc.ca/marketreport/wages-occupation/17013/BC;jsessionid=FC772C88E37DA812EDE799C627688190.jobsearch75
374,(73102),"Plasterers, drywall installers and finishers and lathers     ",20.2,28.73,38.0,https://www.jobbank.gc.ca/marketreport/wages-occupation/21540/BC;jsessionid=FC772C88E37DA812EDE799C627688190.jobsearch75
375,(73110),Roofers and shinglers     ,23.0,30.0,38.0,https://www.jobbank.gc.ca/marketreport/wages-occupation/17037/BC;jsessionid=FC772C88E37DA812EDE799C627688190.jobsearch75
376,(73111),Glaziers     ,22.0,30.0,38.0,https://www.jobbank.gc.ca/marketreport/wages-occupation/6509/BC;jsessionid=FC772C88E37DA812EDE799C627688190.jobsearch75
377,(73112),Painters and decorators (except interior decorators)     ,20.0,27.0,33.23,https://www.jobbank.gc.ca/marketreport/wages-occupation/6517/BC;jsessionid=FC772C88E37DA812EDE799C627688190.jobsearch75
378,(73113),Floor covering installers     ,20.0,28.25,37.55,https://www.jobbank.gc.ca/marketreport/wages-occupation/21553/BC;jsessionid=FC772C88E37DA812EDE799C627688190.jobsearch75
379,(73200),Residential and commercial installers and servicers     ,18.0,27.0,37.5,https://www.jobbank.gc.ca/marketreport/wages-occupation/8093/BC;jsessionid=FC772C88E37DA812EDE799C627688190.jobsearch75
380,(73201),General building maintenance workers and building superintendents      ,17.4,26.22,38.0,https://www.jobbank.gc.ca/marketreport/wages-occupation/14402/BC;jsessionid=FC772C88E37DA812EDE799C627688190.jobsearch75
381,(73202),Pest controllers and fumigators     ,17.4,23.9,38.57,https://www.jobbank.gc.ca/marketreport/wages-occupation/15169/BC;jsessionid=FC772C88E37DA812EDE799C627688190.jobsearch75
382,(73209),Other repairers and servicers     ,17.4,25.0,38.0,https://www.jobbank.gc.ca/marketreport/wages-occupation/26183/BC;jsessionid=FC772C88E37DA812EDE799C627688190.jobsearch75
383,(73300),Transport truck drivers     ,20.0,30.0,39.0,https://www.jobbank.gc.ca/marketreport/wages-occupation/296484/BC;jsessionid=FC772C88E37DA812EDE799C627688190.jobsearch75
384,(73301),"Bus drivers, subway operators and other transit operators     ",20.0,30.55,37.1,https://www.jobbank.gc.ca/marketreport/wages-occupation/23334/BC;jsessionid=FC772C88E37DA812EDE799C627688190.jobsearch75
385,(73310),Railway and yard locomotive engineers     ,35.88,48.69,59.16,https://www.jobbank.gc.ca/marketreport/wages-occupation/7859/BC;jsessionid=FC772C88E37DA812EDE799C627688190.jobsearch75
386,(73311),Railway conductors and brakemen/women     ,24.92,40.0,54.09,https://www.jobbank.gc.ca/marketreport/wages-occupation/7881/BC;jsessionid=FC772C88E37DA812EDE799C627688190.jobsearch75
387,(73400),Heavy equipment operators     ,25.0,34.0,43.33,https://www.jobbank.gc.ca/marketreport/wages-occupation/15029/BC;jsessionid=FC772C88E37DA812EDE799C627688190.jobsearch75
388,(73401),Printing press operators     ,20.0,27.5,40.0,https://www.jobbank.gc.ca/marketreport/wages-occupation/10477/BC;jsessionid=FC772C88E37DA812EDE799C627688190.jobsearch75
389,(73402),"Drillers and blasters - surface mining, quarrying and construction     ",29.26,39.0,49.17,https://www.jobbank.gc.ca/marketreport/wages-occupation/10435/BC;jsessionid=FC772C88E37DA812EDE799C627688190.jobsearch75
390,(74100),Mail and parcel sorters and related occupations     ,17.4,27.6,30.24,https://www.jobbank.gc.ca/marketreport/wages-occupation/2382/BC;jsessionid=FC772C88E37DA812EDE799C627688190.jobsearch75
391,(74101),Letter carriers     ,22.46,27.78,31.0,https://www.jobbank.gc.ca/marketreport/wages-occupation/15239/BC;jsessionid=FC772C88E37DA812EDE799C627688190.jobsearch75
392,(74102),Couriers and messengers     ,17.4,21.0,31.92,https://www.jobbank.gc.ca/marketreport/wages-occupation/25911/BC;jsessionid=FC772C88E37DA812EDE799C627688190.jobsearch75
393,(74200),Railway yard and track maintenance workers     ,21.0,31.0,39.16,https://www.jobbank.gc.ca/marketreport/wages-occupation/26694/BC;jsessionid=FC772C88E37DA812EDE799C627688190.jobsearch75
394,(74201),Water transport deck and engine room crew     ,21.0,30.0,39.71,https://www.jobbank.gc.ca/marketreport/wages-occupation/26732/BC;jsessionid=FC772C88E37DA812EDE799C627688190.jobsearch75
395,(74202),Air transport ramp attendants     ,18.25,23.0,30.33,https://www.jobbank.gc.ca/marketreport/wages-occupation/8080/BC;jsessionid=FC772C88E37DA812EDE799C627688190.jobsearch75
396,(74203),Automotive and heavy truck and equipment parts installers and servicers      ,17.4,21.0,32.5,https://www.jobbank.gc.ca/marketreport/wages-occupation/8245/BC;jsessionid=FC772C88E37DA812EDE799C627688190.jobsearch75
397,(74204),Utility maintenance workers     ,29.0,36.21,54.95,https://www.jobbank.gc.ca/marketreport/wages-occupation/8211/BC;jsessionid=FC772C88E37DA812EDE799C627688190.jobsearch75
398,(74205),Public works maintenance equipment operators and related workers     ,25.0,30.0,38.0,https://www.jobbank.gc.ca/marketreport/wages-occupation/10566/BC;jsessionid=FC772C88E37DA812EDE799C627688190.jobsearch75
399,(75100),Longshore workers     ,20.15,48.23,66.9,https://www.jobbank.gc.ca/marketreport/wages-occupation/8367/BC;jsessionid=FC772C88E37DA812EDE799C627688190.jobsearch75
400,(75101),Material handlers     ,17.4,20.0,34.0,https://www.jobbank.gc.ca/marketreport/wages-occupation/16666/BC;jsessionid=FC772C88E37DA812EDE799C627688190.jobsearch75
401,(75110),Construction trades helpers and labourers     ,18.0,24.0,34.87,https://www.jobbank.gc.ca/marketreport/wages-occupation/8451/BC;jsessionid=FC772C88E37DA812EDE799C627688190.jobsearch75
402,(75119),Other trades helpers and labourers     ,18.0,24.15,35.4,https://www.jobbank.gc.ca/marketreport/wages-occupation/16783/BC;jsessionid=FC772C88E37DA812EDE799C627688190.jobsearch75
403,(75200),Taxi and limousine drivers and chauffeurs     ,17.4,21.88,36.0,https://www.jobbank.gc.ca/marketreport/wages-occupation/10561/BC;jsessionid=FC772C88E37DA812EDE799C627688190.jobsearch75
404,(75201),Delivery service drivers and door-to-door distributors     ,17.4,20.35,31.92,https://www.jobbank.gc.ca/marketreport/wages-occupation/2433/BC;jsessionid=FC772C88E37DA812EDE799C627688190.jobsearch75
405,(75210),Boat and cable ferry operators and related occupations     ,20.57,29.6,38.0,https://www.jobbank.gc.ca/marketreport/wages-occupation/10601/BC;jsessionid=FC772C88E37DA812EDE799C627688190.jobsearch75
406,(75211),Railway and motor transport labourers     ,18.0,23.0,29.87,https://www.jobbank.gc.ca/marketreport/wages-occupation/8660/BC;jsessionid=FC772C88E37DA812EDE799C627688190.jobsearch75
407,(75212),Public works and maintenance labourers     ,23.0,30.05,35.0,https://www.jobbank.gc.ca/marketreport/wages-occupation/8630/BC;jsessionid=FC772C88E37DA812EDE799C627688190.jobsearch75
408,(80010),Managers in natural resources production and fishing     ,38.46,57.69,100.96,https://www.jobbank.gc.ca/marketreport/wages-occupation/43/BC;jsessionid=FC772C88E37DA812EDE799C627688190.jobsearch75
409,(80021),Managers in horticulture     ,17.4,20.0,31.0,https://www.jobbank.gc.ca/marketreport/wages-occupation/295876/BC;jsessionid=FC772C88E37DA812EDE799C627688190.jobsearch75
410,(80022),Managers in aquaculture     ,17.4,32.46,53.53,https://www.jobbank.gc.ca/marketreport/wages-occupation/9126/BC;jsessionid=FC772C88E37DA812EDE799C627688190.jobsearch75
411,(82010),"Supervisors, logging and forestry     ",32.05,41.9,55.42,https://www.jobbank.gc.ca/marketreport/wages-occupation/8694/BC;jsessionid=FC772C88E37DA812EDE799C627688190.jobsearch75
412,(82020),"Supervisors, mining and quarrying     ",35.0,48.0,58.41,https://www.jobbank.gc.ca/marketreport/wages-occupation/20118/BC;jsessionid=FC772C88E37DA812EDE799C627688190.jobsearch75
413,(82021),"Contractors and supervisors, oil and gas drilling and services     ",28.85,45.8,85.1,https://www.jobbank.gc.ca/marketreport/wages-occupation/21761/BC;jsessionid=FC772C88E37DA812EDE799C627688190.jobsearch75
414,(82030),Agricultural service contractors and farm supervisors     ,17.4,21.0,28.0,https://www.jobbank.gc.ca/marketreport/wages-occupation/21984/BC;jsessionid=FC772C88E37DA812EDE799C627688190.jobsearch75
415,(82031),"Contractors and supervisors, landscaping, grounds maintenance and horticulture services     ",18.0,28.0,41.0,https://www.jobbank.gc.ca/marketreport/wages-occupation/26840/BC;jsessionid=FC772C88E37DA812EDE799C627688190.jobsearch75
416,(83100),Underground production and development miners     ,32.0,41.0,50.33,https://www.jobbank.gc.ca/marketreport/wages-occupation/8740/BC;jsessionid=FC772C88E37DA812EDE799C627688190.jobsearch75
417,(83101),"Oil and gas well drillers, servicers, testers and related workers     ",25.0,46.56,60.0,https://www.jobbank.gc.ca/marketreport/wages-occupation/20144/BC;jsessionid=FC772C88E37DA812EDE799C627688190.jobsearch75
418,(83110),Logging machinery operators     ,25.0,34.3,40.0,https://www.jobbank.gc.ca/marketreport/wages-occupation/21779/BC;jsessionid=FC772C88E37DA812EDE799C627688190.jobsearch75
419,(83121),Fishermen/women     ,20.0,40.0,57.52,https://www.jobbank.gc.ca/marketreport/wages-occupation/20167/BC;jsessionid=FC772C88E37DA812EDE799C627688190.jobsearch75
420,(84100),Underground mine service and support workers      ,17.4,44.64,56.23,https://www.jobbank.gc.ca/marketreport/wages-occupation/9160/BC;jsessionid=FC772C88E37DA812EDE799C627688190.jobsearch75
421,(84101),Oil and gas well drilling and related workers and services operators      ,29.5,40.0,45.5,https://www.jobbank.gc.ca/marketreport/wages-occupation/839/BC;jsessionid=FC772C88E37DA812EDE799C627688190.jobsearch75
422,(84110),Chain saw and skidder operators     ,27.0,34.75,40.0,https://www.jobbank.gc.ca/marketreport/wages-occupation/9217/BC;jsessionid=FC772C88E37DA812EDE799C627688190.jobsearch75
423,(84111),Silviculture and forestry workers     ,20.0,26.0,38.1,https://www.jobbank.gc.ca/marketreport/wages-occupation/9250/BC;jsessionid=FC772C88E37DA812EDE799C627688190.jobsearch75
424,(84120),Specialized livestock workers and farm machinery operators     ,17.4,23.0,50.48,https://www.jobbank.gc.ca/marketreport/wages-occupation/9271/BC;jsessionid=FC772C88E37DA812EDE799C627688190.jobsearch75
425,(84121),Fishing vessel deckhands      ,20.0,35.0,50.0,https://www.jobbank.gc.ca/marketreport/wages-occupation/9360/BC;jsessionid=FC772C88E37DA812EDE799C627688190.jobsearch75
426,(85100),Livestock labourers     ,17.4,21.0,28.0,https://www.jobbank.gc.ca/marketreport/wages-occupation/9317/BC;jsessionid=FC772C88E37DA812EDE799C627688190.jobsearch75
427,(85101),Harvesting labourers     ,17.4,17.4,20.0,https://www.jobbank.gc.ca/marketreport/wages-occupation/9378/BC;jsessionid=FC772C88E37DA812EDE799C627688190.jobsearch75
428,(85102),Aquaculture and marine harvest labourers     ,20.0,26.8,38.48,https://www.jobbank.gc.ca/marketreport/wages-occupation/22011/BC;jsessionid=FC772C88E37DA812EDE799C627688190.jobsearch75
429,(85103),Nursery and greenhouse labourers     ,17.4,17.85,29.0,https://www.jobbank.gc.ca/marketreport/wages-occupation/23338/BC;jsessionid=FC772C88E37DA812EDE799C627688190.jobsearch75
430,(85110),Mine labourers     ,23.0,30.0,40.0,https://www.jobbank.gc.ca/marketreport/wages-occupation/9397/BC;jsessionid=FC772C88E37DA812EDE799C627688190.jobsearch75
431,(85111),"Oil and gas drilling, servicing and related labourers     ",25.0,32.0,38.0,https://www.jobbank.gc.ca/marketreport/wages-occupation/20235/BC;jsessionid=FC772C88E37DA812EDE799C627688190.jobsearch75
432,(85120),Logging and forestry labourers     ,20.0,32.09,50.0,https://www.jobbank.gc.ca/marketreport/wages-occupation/23754/BC;jsessionid=FC772C88E37DA812EDE799C627688190.jobsearch75
433,(85121),Landscaping and grounds maintenance labourers     ,17.5,22.0,30.0,https://www.jobbank.gc.ca/marketreport/wages-occupation/20219/BC;jsessionid=FC772C88E37DA812EDE799C627688190.jobsearch75
434,(90010),Manufacturing managers     ,31.0,53.85,91.35,https://www.jobbank.gc.ca/marketreport/wages-occupation/68/BC;jsessionid=FC772C88E37DA812EDE799C627688190.jobsearch75
435,(90011),Utilities managers     ,43.27,56.41,75.9,https://www.jobbank.gc.ca/marketreport/wages-occupation/17655/BC;jsessionid=FC772C88E37DA812EDE799C627688190.jobsearch75
436,(92010),"Supervisors, mineral and metal processing     ",18.13,39.86,67.97,https://www.jobbank.gc.ca/marketreport/wages-occupation/9474/BC;jsessionid=FC772C88E37DA812EDE799C627688190.jobsearch75
437,(92011),"Supervisors, petroleum, gas and chemical processing and utilities     ",27.5,40.0,57.0,https://www.jobbank.gc.ca/marketreport/wages-occupation/9547/BC;jsessionid=FC772C88E37DA812EDE799C627688190.jobsearch75
438,(92012),"Supervisors, food and beverage processing     ",18.0,27.88,39.25,https://www.jobbank.gc.ca/marketreport/wages-occupation/9642/BC;jsessionid=FC772C88E37DA812EDE799C627688190.jobsearch75
439,(92013),"Supervisors, plastic and rubber products manufacturing     ",28.0,31.25,33.76,https://www.jobbank.gc.ca/marketreport/wages-occupation/9704/BC;jsessionid=FC772C88E37DA812EDE799C627688190.jobsearch75
440,(92014),"Supervisors, forest products processing     ",28.0,39.5,57.69,https://www.jobbank.gc.ca/marketreport/wages-occupation/20283/BC;jsessionid=FC772C88E37DA812EDE799C627688190.jobsearch75
441,(92015),"Supervisors, textile, fabric, fur and leather products processing and manufacturing     ",0.0,28.51,0.0,https://www.jobbank.gc.ca/marketreport/wages-occupation/25225/BC;jsessionid=FC772C88E37DA812EDE799C627688190.jobsearch75
442,(92020),"Supervisors, motor vehicle assembling     ",0.0,33.54,0.0,https://www.jobbank.gc.ca/marketreport/wages-occupation/7286/BC;jsessionid=FC772C88E37DA812EDE799C627688190.jobsearch75
443,(92021),"Supervisors, electronics and electrical products manufacturing     ",29.0,32.5,46.15,https://www.jobbank.gc.ca/marketreport/wages-occupation/22050/BC;jsessionid=FC772C88E37DA812EDE799C627688190.jobsearch75
444,(92022),"Supervisors, furniture and fixtures manufacturing     ",24.0,34.0,40.0,https://www.jobbank.gc.ca/marketreport/wages-occupation/7320/BC;jsessionid=FC772C88E37DA812EDE799C627688190.jobsearch75
445,(92023),"Supervisors, other mechanical and metal products manufacturing     ",25.0,37.0,48.92,https://www.jobbank.gc.ca/marketreport/wages-occupation/22099/BC;jsessionid=FC772C88E37DA812EDE799C627688190.jobsearch75
446,(92024),"Supervisors, other products manufacturing and assembly     ",25.0,34.66,45.67,https://www.jobbank.gc.ca/marketreport/wages-occupation/7341/BC;jsessionid=FC772C88E37DA812EDE799C627688190.jobsearch75
447,(92100),Power engineers and power systems operators     ,31.07,40.7,60.0,https://www.jobbank.gc.ca/marketreport/wages-occupation/26794/BC;jsessionid=FC772C88E37DA812EDE799C627688190.jobsearch75
448,(92101),Water and waste treatment plant operators     ,28.0,33.33,45.07,https://www.jobbank.gc.ca/marketreport/wages-occupation/20827/BC;jsessionid=FC772C88E37DA812EDE799C627688190.jobsearch75
449,(93100),"Central control and process operators, mineral and metal processing     ",38.0,40.65,48.3,https://www.jobbank.gc.ca/marketreport/wages-occupation/22158/BC;jsessionid=FC772C88E37DA812EDE799C627688190.jobsearch75
450,(93101),"Central control and process operators, petroleum, gas and chemical processing     ",40.0,52.0,68.0,https://www.jobbank.gc.ca/marketreport/wages-occupation/20412/BC;jsessionid=FC772C88E37DA812EDE799C627688190.jobsearch75
451,(94100),"Machine operators, mineral and metal processing     ",18.31,42.02,56.17,https://www.jobbank.gc.ca/marketreport/wages-occupation/9019/BC;jsessionid=FC772C88E37DA812EDE799C627688190.jobsearch75
452,(94102),Glass forming and finishing machine operators and glass cutters     ,17.4,20.91,26.0,https://www.jobbank.gc.ca/marketreport/wages-occupation/10292/BC;jsessionid=FC772C88E37DA812EDE799C627688190.jobsearch75
453,(94103),"Concrete, clay and stone forming operators     ",20.0,26.35,37.0,https://www.jobbank.gc.ca/marketreport/wages-occupation/12899/BC;jsessionid=FC772C88E37DA812EDE799C627688190.jobsearch75
454,(94105),Metalworking and forging machine operators     ,17.5,25.0,30.0,https://www.jobbank.gc.ca/marketreport/wages-occupation/25284/BC;jsessionid=FC772C88E37DA812EDE799C627688190.jobsearch75
455,(94106),Machining tool operators     ,19.0,25.0,32.75,https://www.jobbank.gc.ca/marketreport/wages-occupation/19088/BC;jsessionid=FC772C88E37DA812EDE799C627688190.jobsearch75
456,(94107),Machine operators of other metal products      ,18.5,25.0,35.0,https://www.jobbank.gc.ca/marketreport/wages-occupation/15459/BC;jsessionid=FC772C88E37DA812EDE799C627688190.jobsearch75
457,(94110),Chemical plant machine operators     ,18.0,18.85,30.0,https://www.jobbank.gc.ca/marketreport/wages-occupation/20513/BC;jsessionid=FC772C88E37DA812EDE799C627688190.jobsearch75
458,(94111),Plastics processing machine operators     ,18.63,20.0,29.08,https://www.jobbank.gc.ca/marketreport/wages-occupation/13141/BC;jsessionid=FC772C88E37DA812EDE799C627688190.jobsearch75
459,(94112),Rubber processing machine operators and related workers     ,0.0,28.22,0.0,https://www.jobbank.gc.ca/marketreport/wages-occupation/10712/BC;jsessionid=FC772C88E37DA812EDE799C627688190.jobsearch75
460,(94120),Sawmill machine operators     ,17.4,32.0,38.0,https://www.jobbank.gc.ca/marketreport/wages-occupation/10897/BC;jsessionid=FC772C88E37DA812EDE799C627688190.jobsearch75
461,(94121),"Pulp mill, papermaking and finishing machine operators     ",30.0,37.0,45.94,https://www.jobbank.gc.ca/marketreport/wages-occupation/23359/BC;jsessionid=FC772C88E37DA812EDE799C627688190.jobsearch75
462,(94122),Paper converting machine operators     ,20.0,26.96,40.0,https://www.jobbank.gc.ca/marketreport/wages-occupation/19612/BC;jsessionid=FC772C88E37DA812EDE799C627688190.jobsearch75
463,(94123),Lumber graders and other wood processing inspectors and graders     ,20.0,30.0,40.0,https://www.jobbank.gc.ca/marketreport/wages-occupation/20860/BC;jsessionid=FC772C88E37DA812EDE799C627688190.jobsearch75
464,(94124),Woodworking machine operators     ,19.0,25.0,33.89,https://www.jobbank.gc.ca/marketreport/wages-occupation/19493/BC;jsessionid=FC772C88E37DA812EDE799C627688190.jobsearch75
465,(94129),Other wood processing machine operators     ,25.0,30.0,34.0,https://www.jobbank.gc.ca/marketreport/wages-occupation/11034/BC;jsessionid=FC772C88E37DA812EDE799C627688190.jobsearch75
466,(94130),"Textile fibre and yarn, hide and pelt processing machine operators and workers     ",17.4,21.0,30.0,https://www.jobbank.gc.ca/marketreport/wages-occupation/25385/BC;jsessionid=FC772C88E37DA812EDE799C627688190.jobsearch75
467,(94132),Industrial sewing machine operators     ,17.4,18.0,21.0,https://www.jobbank.gc.ca/marketreport/wages-occupation/18385/BC;jsessionid=FC772C88E37DA812EDE799C627688190.jobsearch75
468,(94133),"Inspectors and graders, textile, fabric, fur and leather products manufacturing     ",17.4,17.4,23.81,https://www.jobbank.gc.ca/marketreport/wages-occupation/25350/BC;jsessionid=FC772C88E37DA812EDE799C627688190.jobsearch75
469,(94140),"Process control and machine operators, food and beverage processing     ",17.4,20.0,30.0,https://www.jobbank.gc.ca/marketreport/wages-occupation/11712/BC;jsessionid=FC772C88E37DA812EDE799C627688190.jobsearch75
470,(94141),"Industrial butchers and meat cutters, poultry preparers and related workers     ",17.4,21.35,25.0,https://www.jobbank.gc.ca/marketreport/wages-occupation/11977/BC;jsessionid=FC772C88E37DA812EDE799C627688190.jobsearch75
471,(94142),Fish and seafood plant workers     ,17.4,19.0,24.0,https://www.jobbank.gc.ca/marketreport/wages-occupation/297158/BC;jsessionid=FC772C88E37DA812EDE799C627688190.jobsearch75
472,(94143),"Testers and graders, food and beverage processing     ",17.4,24.41,55.4,https://www.jobbank.gc.ca/marketreport/wages-occupation/18477/BC;jsessionid=FC772C88E37DA812EDE799C627688190.jobsearch75
473,(94150),Plateless printing equipment operators     ,17.4,21.43,33.97,https://www.jobbank.gc.ca/marketreport/wages-occupation/12116/BC;jsessionid=FC772C88E37DA812EDE799C627688190.jobsearch75
474,(94151),"Camera, platemaking and other prepress occupations     ",0.0,25.47,0.0,https://www.jobbank.gc.ca/marketreport/wages-occupation/19789/BC;jsessionid=FC772C88E37DA812EDE799C627688190.jobsearch75
475,(94152),Binding and finishing machine operators     ,17.4,20.85,26.9,https://www.jobbank.gc.ca/marketreport/wages-occupation/18555/BC;jsessionid=FC772C88E37DA812EDE799C627688190.jobsearch75
476,(94200),"Motor vehicle assemblers, inspectors and testers     ",18.0,22.0,32.0,https://www.jobbank.gc.ca/marketreport/wages-occupation/9841/BC;jsessionid=FC772C88E37DA812EDE799C627688190.jobsearch75
477,(94201),"Electronics assemblers, fabricators, inspectors and testers     ",17.4,20.0,30.0,https://www.jobbank.gc.ca/marketreport/wages-occupation/18720/BC;jsessionid=FC772C88E37DA812EDE799C627688190.jobsearch75
478,(94202),"Assemblers and inspectors, electrical appliance, apparatus and equipment manufacturing     ",17.4,21.26,30.62,https://www.jobbank.gc.ca/marketreport/wages-occupation/21812/BC;jsessionid=FC772C88E37DA812EDE799C627688190.jobsearch75
479,(94203),"Assemblers, fabricators and inspectors, industrial electrical motors and transformers     ",18.33,25.5,40.83,https://www.jobbank.gc.ca/marketreport/wages-occupation/9883/BC;jsessionid=FC772C88E37DA812EDE799C627688190.jobsearch75
480,(94204),Mechanical assemblers and inspectors     ,18.0,23.0,32.0,https://www.jobbank.gc.ca/marketreport/wages-occupation/10037/BC;jsessionid=FC772C88E37DA812EDE799C627688190.jobsearch75
481,(94205),"Machine operators and inspectors, electrical apparatus manufacturing     ",18.5,23.25,33.91,https://www.jobbank.gc.ca/marketreport/wages-occupation/11653/BC;jsessionid=FC772C88E37DA812EDE799C627688190.jobsearch75
482,(94210),"Furniture and fixture assemblers, finishers, refinishers and inspectors     ",17.4,25.0,32.0,https://www.jobbank.gc.ca/marketreport/wages-occupation/12744/BC;jsessionid=FC772C88E37DA812EDE799C627688190.jobsearch75
483,(94211),Assemblers and inspectors of other wood products     ,17.4,24.0,27.0,https://www.jobbank.gc.ca/marketreport/wages-occupation/18826/BC;jsessionid=FC772C88E37DA812EDE799C627688190.jobsearch75
484,(94212),"Plastic products assemblers, finishers and inspectors     ",17.4,20.68,32.0,https://www.jobbank.gc.ca/marketreport/wages-occupation/12833/BC;jsessionid=FC772C88E37DA812EDE799C627688190.jobsearch75
485,(94213),"Industrial painters, coaters and metal finishing process operators     ",20.0,28.12,45.74,https://www.jobbank.gc.ca/marketreport/wages-occupation/18902/BC;jsessionid=FC772C88E37DA812EDE799C627688190.jobsearch75
486,(94219),"Other products assemblers, finishers and inspectors     ",17.4,25.45,43.0,https://www.jobbank.gc.ca/marketreport/wages-occupation/21910/BC;jsessionid=FC772C88E37DA812EDE799C627688190.jobsearch75
487,(95100),Labourers in mineral and metal processing     ,19.0,26.0,37.46,https://www.jobbank.gc.ca/marketreport/wages-occupation/15619/BC;jsessionid=FC772C88E37DA812EDE799C627688190.jobsearch75
488,(95101),Labourers in metal fabrication     ,19.0,24.31,35.0,https://www.jobbank.gc.ca/marketreport/wages-occupation/24069/BC;jsessionid=FC772C88E37DA812EDE799C627688190.jobsearch75
489,(95102),Labourers in chemical products processing and utilities     ,19.0,27.49,37.46,https://www.jobbank.gc.ca/marketreport/wages-occupation/15756/BC;jsessionid=FC772C88E37DA812EDE799C627688190.jobsearch75
490,(95103),"Labourers in wood, pulp and paper processing     ",19.0,31.5,36.0,https://www.jobbank.gc.ca/marketreport/wages-occupation/13240/BC;jsessionid=FC772C88E37DA812EDE799C627688190.jobsearch75
491,(95104),Labourers in rubber and plastic products manufacturing     ,17.45,23.5,27.32,https://www.jobbank.gc.ca/marketreport/wages-occupation/13355/BC;jsessionid=FC772C88E37DA812EDE799C627688190.jobsearch75
492,(95105),Labourers in textile processing and cutting     ,17.4,20.93,28.0,https://www.jobbank.gc.ca/marketreport/wages-occupation/13436/BC;jsessionid=FC772C88E37DA812EDE799C627688190.jobsearch75
493,(95106),Labourers in food and beverage processing     ,17.4,19.0,24.52,https://www.jobbank.gc.ca/marketreport/wages-occupation/13544/BC;jsessionid=FC772C88E37DA812EDE799C627688190.jobsearch75
494,(95107),Labourers in fish and seafood processing     ,17.4,17.5,22.71,https://www.jobbank.gc.ca/marketreport/wages-occupation/17160/BC;jsessionid=FC772C88E37DA812EDE799C627688190.jobsearch75
495,(95109),"Other labourers in processing, manufacturing and utilities     ",17.4,20.0,29.46,https://www.jobbank.gc.ca/marketreport/wages-occupation/14008/BC;jsessionid=FC772C88E37DA812EDE799C627688190.jobsearch75
